CRP_Risk_Status,Fitness_Level_Category,Heart_Attack_History,Estimated_VO2_Max,Recovery_Heart_Rate,BMI,Diabetes_Status,Total_Cholesterol,Systolic_BP,BMI_Category
0,2.0,0.0,33.9,140.0,19.34,0.0,184.0,104.0,2
0,3.0,0.0,36.08,128.0,20.23,0.0,213.0,100.0,2
0,2.0,0.0,43.33,151.0,23.9,0.0,186.0,122.0,2
0,1.0,0.0,26.6,161.0,20.01,0.0,170.0,106.0,2
0,3.0,0.0,45.5,135.0,31.17,0.0,188.0,132.0,4
0,2.0,0.0,42.28,130.0,26.62,0.0,109.0,104.0,3
0,3.0,0.0,43.14,126.0,22.09,0.0,177.0,102.0,2
0,3.0,0.0,45.2,157.0,23.71,0.0,142.0,114.0,2
0,1.0,0.0,31.91,157.0,27.49,0.0,152.0,126.0,3
0,3.0,0.0,37.91,97.0,37.82,0.0,296.0,128.0,4
1,2.0,0.0,33.78,151.0,22.36,0.0,148.0,100.0,2
0,3.0,0.0,96.2,115.0,20.17,0.0,141.0,112.0,2
1,1.0,0.0,28.42,121.0,39.73,0.0,163.0,120.0,4
0,2.0,0.0,35.7,163.0,21.0,0.0,171.0,88.0,2
0,3.0,0.0,43.1,112.0,34.62,0.0,152.0,138.0,4
0,1.0,0.0,27.15,158.0,36.07,0.0,137.0,100.0,4
0,1.0,0.0,26.3,134.0,34.08,0.0,153.0,124.0,4
0,1.0,0.0,36.19,138.0,27.74,0.0,224.0,130.0,3
0,3.0,0.0,44.39,143.0,25.07,0.0,208.0,112.0,3
0,2.0,0.0,28.0,130.0,22.53,0.0,214.0,102.0,2
0,3.0,0.0,49.82,134.0,28.47,0.0,210.0,114.0,3
1,3.0,0.0,36.07,107.0,32.97,0.0,183.0,128.0,4
0,1.0,0.0,34.05,146.0,27.68,0.0,284.0,126.0,3
0,3.0,0.0,43.77,135.0,21.13,0.0,200.0,110.0,2
0,3.0,0.0,38.6,139.0,19.86,0.0,125.0,106.0,2
0,3.0,0.0,44.61,119.0,31.4,0.0,213.0,108.0,4
0,3.0,0.0,38.66,113.0,34.82,0.0,145.0,108.0,4
0,2.0,0.0,33.03,127.0,31.75,0.0,151.0,120.0,4
1,1.0,0.0,21.28,155.0,39.72,0.0,147.0,122.0,4
0,1.0,0.0,27.78,149.0,41.83,0.0,245.0,100.0,4
0,3.0,0.0,63.34,119.0,31.56,0.0,263.0,134.0,4
0,3.0,0.0,41.87,121.0,26.8,0.0,229.0,100.0,3
0,2.0,0.0,36.97,112.0,28.9,0.0,207.0,114.0,3
0,2.0,0.0,34.28,130.0,22.85,0.0,235.0,110.0,2
0,2.0,0.0,26.78,135.0,26.91,0.0,165.0,110.0,3
0,1.0,0.0,23.3,137.0,30.15,0.0,129.0,98.0,4
0,2.0,0.0,38.17,141.0,33.05,0.0,182.0,122.0,4
0,2.0,0.0,39.4,114.0,34.13,0.0,203.0,118.0,4
0,2.0,0.0,33.65,121.0,30.17,0.0,198.0,108.0,4
0,1.0,0.0,33.65,147.0,27.83,0.0,171.0,124.0,3
0,1.0,0.0,32.58,143.0,41.59,0.0,166.0,130.0,4
0,3.0,0.0,38.8,138.0,20.63,0.0,209.0,100.0,2
0,3.0,0.0,55.7,134.0,21.94,0.0,191.0,114.0,2
0,2.0,0.0,40.48,149.0,30.07,0.0,187.0,124.0,4
0,2.0,0.0,28.46,130.0,26.46,0.0,127.0,144.0,3
0,3.0,0.0,49.1,142.0,18.13,0.0,127.0,106.0,1
0,3.0,0.0,46.35,113.0,21.76,0.0,215.0,114.0,2
0,1.0,0.0,33.83,144.0,34.77,0.0,182.0,114.0,4
0,3.0,0.0,36.34,130.0,18.42,0.0,177.0,102.0,1
0,1.0,0.0,24.66,110.0,30.28,1.0,230.0,112.0,4
0,1.0,0.0,33.03,141.0,35.53,0.0,212.0,118.0,4
0,2.0,0.0,37.09,138.0,27.31,0.0,294.0,120.0,3
1,3.0,0.0,36.28,107.0,22.45,0.0,176.0,122.0,2
0,3.0,0.0,33.37,111.0,25.53,0.0,192.0,146.0,3
0,3.0,0.0,44.6,119.0,28.88,0.0,191.0,112.0,3
0,2.0,0.0,37.29,139.0,23.04,1.0,210.0,108.0,2
0,2.0,0.0,39.03,129.0,28.08,0.0,224.0,108.0,3
0,3.0,0.0,55.75,120.0,33.27,0.0,144.0,110.0,4
0,2.0,0.0,39.92,171.0,25.76,0.0,243.0,122.0,3
0,3.0,0.0,37.6,122.0,21.37,0.0,146.0,102.0,2
0,3.0,0.0,47.23,129.0,28.64,0.0,249.0,128.0,3
0,2.0,0.0,37.03,131.0,29.18,0.0,202.0,112.0,3
0,1.0,0.0,32.21,157.0,26.92,0.0,191.0,120.0,3
0,3.0,0.0,50.3,136.0,24.55,0.0,167.0,112.0,2
1,1.0,0.0,32.1,143.0,34.87,0.0,258.0,136.0,4
0,2.0,0.0,35.82,127.0,27.66,0.0,198.0,116.0,3
0,3.0,0.0,46.63,123.0,25.2,0.0,164.0,118.0,3
0,2.0,0.0,39.25,104.0,33.23,0.0,216.0,104.0,4
0,1.0,0.0,31.91,147.0,26.09,0.0,204.0,112.0,3
0,3.0,0.0,65.6,90.0,21.53,0.0,127.0,116.0,2
0,3.0,0.0,35.27,95.0,25.01,0.0,178.0,146.0,3
0,2.0,0.0,37.4,150.0,30.7,0.0,263.0,134.0,4
0,2.0,0.0,31.51,161.0,28.4,0.0,156.0,126.0,3
0,3.0,0.0,44.56,166.0,20.11,0.0,186.0,116.0,2
0,1.0,0.0,33.38,149.0,39.53,0.0,207.0,124.0,4
1,2.0,0.0,34.84,134.0,26.11,0.0,264.0,112.0,3
0,2.0,0.0,36.78,123.0,31.96,0.0,336.0,110.0,4
0,3.0,0.0,47.32,110.0,37.82,0.0,166.0,140.0,4
0,1.0,0.0,36.8,148.0,28.6,0.0,221.0,128.0,3
0,2.0,0.0,29.53,129.0,41.28,0.0,177.0,112.0,4
0,3.0,0.0,58.85,126.0,18.99,0.0,154.0,116.0,2
0,2.0,0.0,43.39,135.0,28.01,0.0,273.0,122.0,3
0,2.0,0.0,37.25,159.0,23.28,0.0,175.0,104.0,2
0,3.0,0.0,37.74,116.0,20.85,0.0,137.0,98.0,2
1,2.0,0.0,29.31,150.0,33.14,0.0,202.0,112.0,4
0,2.0,0.0,32.4,143.0,22.68,0.0,283.0,114.0,2
0,3.0,0.0,46.07,115.0,39.52,0.0,211.0,120.0,4
0,3.0,0.0,60.65,114.0,27.67,0.0,141.0,122.0,3
0,2.0,0.0,34.58,131.0,28.5,0.0,251.0,104.0,3
1,2.0,0.0,40.47,130.0,31.25,0.0,177.0,102.0,4
0,3.0,0.0,49.74,110.0,26.36,0.0,182.0,114.0,3
0,3.0,0.0,38.69,106.0,44.6,0.0,207.0,112.0,4
0,2.0,0.0,37.15,147.0,23.12,0.0,197.0,116.0,2
0,3.0,0.0,32.85,123.0,22.98,0.0,151.0,90.0,2
0,1.0,0.0,30.18,154.0,21.88,0.0,173.0,104.0,2
0,2.0,0.0,30.23,134.0,33.68,0.0,160.0,118.0,4
0,1.0,0.0,34.91,143.0,34.29,0.0,162.0,104.0,4
0,3.0,0.0,43.04,118.0,28.69,0.0,241.0,106.0,3
0,3.0,0.0,46.6,127.0,23.86,0.0,247.0,110.0,2
0,3.0,0.0,48.28,145.0,29.15,0.0,201.0,112.0,3
0,1.0,0.0,36.38,145.0,38.9,0.0,206.0,122.0,4
0,2.0,0.0,43.34,168.0,23.07,0.0,199.0,112.0,2
0,2.0,0.0,28.22,116.0,29.18,0.0,191.0,124.0,3
0,2.0,0.0,31.74,119.0,25.89,0.0,295.0,112.0,3
0,2.0,0.0,34.6,127.0,29.52,0.0,239.0,116.0,3
0,2.0,0.0,33.74,131.0,31.57,0.0,198.0,120.0,4
1,3.0,0.0,44.56,147.0,25.25,0.0,138.0,120.0,3
0,1.0,0.0,31.86,136.0,32.25,0.0,224.0,126.0,4
0,3.0,0.0,44.93,150.0,20.49,0.0,150.0,100.0,2
0,3.0,0.0,38.15,102.0,29.17,0.0,149.0,104.0,3
0,2.0,0.0,42.83,129.0,26.96,0.0,219.0,110.0,3
1,3.0,0.0,37.9,127.0,29.08,0.0,226.0,120.0,3
0,3.0,0.0,46.06,209.0,24.08,0.0,187.0,102.0,2
0,1.0,0.0,29.17,134.0,33.56,0.0,198.0,120.0,4
0,3.0,0.0,45.52,142.0,24.97,0.0,214.0,116.0,2
0,3.0,0.0,37.27,149.0,24.38,0.0,140.0,118.0,2
0,1.0,0.0,32.28,137.0,28.97,0.0,189.0,132.0,3
0,3.0,0.0,46.09,135.0,26.63,0.0,231.0,148.0,3
0,3.0,0.0,47.95,129.0,23.66,0.0,136.0,120.0,2
0,3.0,0.0,41.04,124.0,20.22,0.0,154.0,104.0,2
0,3.0,0.0,54.76,114.0,29.74,0.0,242.0,138.0,3
0,3.0,0.0,47.17,120.0,27.05,0.0,148.0,120.0,3
0,1.0,0.0,26.12,158.0,19.59,0.0,238.0,106.0,2
0,3.0,0.0,40.95,126.0,28.44,0.0,241.0,114.0,3
0,3.0,0.0,38.15,145.0,20.55,0.0,181.0,134.0,2
0,2.0,0.0,28.15,148.0,18.81,0.0,214.0,94.0,2
0,3.0,0.0,41.06,124.0,26.15,0.0,200.0,110.0,3
0,3.0,0.0,41.58,121.0,22.13,0.0,152.0,124.0,2
0,3.0,0.0,45.24,118.0,34.91,0.0,248.0,128.0,4
0,2.0,0.0,35.29,136.0,28.24,0.0,246.0,146.0,3
0,1.0,0.0,26.53,142.0,29.66,0.0,206.0,124.0,3
0,3.0,0.0,53.63,123.0,34.51,0.0,135.0,132.0,4
0,1.0,0.0,28.52,140.0,29.45,0.0,224.0,126.0,3
1,2.0,0.0,30.35,134.0,25.2,0.0,225.0,118.0,3
0,3.0,0.0,36.27,112.0,45.3,0.0,221.0,108.0,4
0,3.0,0.0,34.4,104.0,28.01,0.0,230.0,100.0,3
0,1.0,0.0,22.93,130.0,28.92,0.0,224.0,106.0,3
0,3.0,0.0,49.4,119.0,23.94,0.0,133.0,122.0,2
1,1.0,0.0,27.4,144.0,33.41,0.0,232.0,106.0,4
1,3.0,0.0,42.71,120.0,27.85,0.0,140.0,94.0,3
1,1.0,0.0,29.6,131.0,43.65,0.0,165.0,106.0,4
0,3.0,0.0,49.06,128.0,25.93,0.0,136.0,118.0,3
0,3.0,0.0,46.1,119.0,40.85,0.0,224.0,124.0,4
0,3.0,0.0,37.7,143.0,22.07,0.0,147.0,94.0,2
0,2.0,0.0,39.5,170.0,24.84,0.0,174.0,104.0,2
0,3.0,0.0,36.06,131.0,22.67,0.0,188.0,110.0,2
0,2.0,0.0,32.36,130.0,30.16,0.0,129.0,118.0,4
0,2.0,0.0,36.8,147.0,27.82,0.0,136.0,138.0,3
0,2.0,0.0,32.78,149.0,23.97,0.0,282.0,118.0,2
0,1.0,0.0,35.25,145.0,27.06,0.0,113.0,142.0,3
0,2.0,0.0,39.2,153.0,22.51,0.0,207.0,96.0,2
0,2.0,0.0,31.68,122.0,25.96,0.0,116.0,106.0,3
1,2.0,0.0,37.9,133.0,38.02,0.0,198.0,126.0,4
0,2.0,0.0,43.02,169.0,17.44,0.0,170.0,106.0,1
0,1.0,0.0,24.69,121.0,37.43,0.0,185.0,132.0,4
0,3.0,0.0,44.63,137.0,22.04,0.0,136.0,100.0,2
1,2.0,0.0,40.06,153.0,17.34,0.0,120.0,112.0,1
0,3.0,0.0,48.3,122.0,23.49,0.0,143.0,108.0,2
0,2.0,0.0,33.11,122.0,29.05,0.0,263.0,108.0,3
0,3.0,0.0,50.75,119.0,25.78,0.0,191.0,134.0,3
0,2.0,0.0,36.55,150.0,19.96,0.0,186.0,116.0,2
0,2.0,0.0,31.4,140.0,29.37,0.0,190.0,108.0,3
1,2.0,0.0,32.14,122.0,33.03,0.0,162.0,104.0,4
0,2.0,0.0,37.95,114.0,24.1,0.0,165.0,114.0,2
0,1.0,0.0,34.91,179.0,23.21,0.0,119.0,132.0,2
0,3.0,0.0,50.65,103.0,27.28,0.0,269.0,104.0,3
0,2.0,0.0,41.57,145.0,31.95,0.0,226.0,112.0,4
0,2.0,0.0,37.6,125.0,32.92,0.0,169.0,130.0,4
0,3.0,0.0,50.55,140.0,19.74,0.0,185.0,108.0,2
0,3.0,0.0,43.04,124.0,32.5,0.0,274.0,116.0,4
1,2.0,0.0,44.17,135.0,42.01,0.0,188.0,156.0,4
0,2.0,0.0,29.86,161.0,22.28,0.0,154.0,98.0,2
0,3.0,0.0,50.39,128.0,22.18,0.0,165.0,94.0,2
0,2.0,0.0,31.02,121.0,28.0,0.0,197.0,106.0,3
0,2.0,0.0,34.07,153.0,18.85,0.0,238.0,104.0,2
0,2.0,0.0,37.68,146.0,24.21,0.0,251.0,102.0,2
0,2.0,0.0,37.62,121.0,31.83,0.0,210.0,136.0,4
0,2.0,0.0,43.41,125.0,29.31,0.0,147.0,114.0,3
0,3.0,0.0,42.83,129.0,32.34,0.0,219.0,118.0,4
0,2.0,0.0,30.79,148.0,22.68,0.0,148.0,102.0,2
0,2.0,0.0,39.04,144.0,24.9,0.0,118.0,124.0,2
0,2.0,0.0,42.29,157.0,21.44,0.0,157.0,114.0,2
0,2.0,0.0,30.8,144.0,18.64,0.0,177.0,88.0,2
0,3.0,0.0,47.6,121.0,20.53,0.0,168.0,110.0,2
0,3.0,0.0,107.0,136.0,23.03,0.0,223.0,112.0,2
0,2.0,0.0,33.96,143.0,19.72,0.0,143.0,124.0,2
0,3.0,0.0,38.57,130.0,35.42,0.0,230.0,118.0,4
0,1.0,0.0,29.9,152.0,24.34,0.0,130.0,106.0,2
0,3.0,0.0,44.08,135.0,31.37,0.0,165.0,126.0,4
0,2.0,0.0,30.79,164.0,25.17,0.0,136.0,108.0,3
0,2.0,0.0,30.59,138.0,21.36,0.0,153.0,116.0,2
0,3.0,0.0,36.15,107.0,33.47,0.0,169.0,136.0,4
0,3.0,0.0,40.71,126.0,31.04,0.0,280.0,124.0,4
0,1.0,0.0,37.12,164.0,24.98,0.0,178.0,118.0,2
0,2.0,0.0,35.37,122.0,20.04,0.0,148.0,108.0,2
0,3.0,0.0,48.76,133.0,27.95,0.0,190.0,114.0,3
0,2.0,0.0,36.46,136.0,20.22,0.0,185.0,88.0,2
0,3.0,0.0,40.82,119.0,24.97,0.0,202.0,114.0,2
0,3.0,0.0,47.17,142.0,23.39,0.0,218.0,118.0,2
0,2.0,0.0,33.14,138.0,16.91,0.0,174.0,98.0,1
0,3.0,0.0,54.2,134.0,22.71,0.0,217.0,118.0,2
0,2.0,0.0,33.97,147.0,24.55,0.0,281.0,134.0,2
0,3.0,0.0,46.31,149.0,16.79,0.0,175.0,114.0,1
0,3.0,0.0,47.6,119.0,24.91,0.0,191.0,110.0,2
0,2.0,0.0,37.4,130.0,24.67,0.0,248.0,110.0,2
0,3.0,0.0,40.36,111.0,29.21,0.0,219.0,114.0,3
0,1.0,0.0,28.56,164.0,26.84,0.0,165.0,116.0,3
0,3.0,0.0,40.81,106.0,21.4,0.0,249.0,94.0,2
0,1.0,0.0,33.53,144.0,28.36,0.0,222.0,126.0,3
0,3.0,0.0,44.59,160.0,22.81,0.0,142.0,124.0,2
0,3.0,0.0,44.76,180.0,28.37,0.0,306.0,118.0,3
1,3.0,0.0,60.47,131.0,36.54,0.0,184.0,118.0,4
0,3.0,0.0,46.39,131.0,27.74,0.0,173.0,120.0,3
0,3.0,0.0,71.9,116.0,25.65,0.0,163.0,106.0,3
0,2.0,0.0,33.65,135.0,25.57,0.0,204.0,114.0,3
0,2.0,0.0,38.3,126.0,24.71,0.0,204.0,132.0,2
0,3.0,0.0,42.74,158.0,20.43,0.0,212.0,118.0,2
0,1.0,0.0,35.19,134.0,29.26,0.0,269.0,122.0,3
0,3.0,0.0,71.6,148.0,22.79,0.0,137.0,104.0,2
0,3.0,0.0,44.57,93.0,31.6,0.0,185.0,104.0,4
0,1.0,0.0,27.5,115.0,32.57,0.0,142.0,158.0,4
0,2.0,0.0,27.4,127.0,24.06,0.0,168.0,118.0,2
0,3.0,0.0,47.33,113.0,36.36,0.0,162.0,108.0,4
0,2.0,0.0,30.03,96.0,28.15,0.0,192.0,146.0,3
0,1.0,0.0,29.3,140.0,30.83,0.0,230.0,120.0,4
0,1.0,0.0,34.3,129.0,30.45,0.0,225.0,108.0,4
0,3.0,0.0,49.87,130.0,21.01,0.0,145.0,120.0,2
0,3.0,0.0,43.27,120.0,26.76,0.0,182.0,106.0,3
0,1.0,0.0,29.32,192.0,24.57,0.0,178.0,116.0,2
0,2.0,0.0,33.48,123.0,21.6,0.0,224.0,102.0,2
0,2.0,0.0,39.5,130.0,20.52,0.0,198.0,124.0,2
0,2.0,0.0,35.86,128.0,22.9,0.0,153.0,128.0,2
0,1.0,0.0,29.61,155.0,26.63,0.0,155.0,100.0,3
0,2.0,0.0,32.22,149.0,23.28,0.0,187.0,98.0,2
0,3.0,0.0,40.36,125.0,24.25,0.0,189.0,112.0,2
0,3.0,0.0,53.13,140.0,21.31,0.0,137.0,122.0,2
0,2.0,0.0,35.55,156.0,29.37,0.0,163.0,116.0,3
0,2.0,0.0,37.0,126.0,33.23,0.0,265.0,126.0,4
1,3.0,0.0,45.15,126.0,33.45,0.0,141.0,126.0,4
0,1.0,0.0,24.37,155.0,30.56,0.0,203.0,118.0,4
0,2.0,0.0,31.91,157.0,24.89,0.0,206.0,100.0,2
1,3.0,0.0,49.4,100.0,34.21,0.0,159.0,110.0,4
0,3.0,0.0,52.12,119.0,28.53,0.0,143.0,144.0,3
0,1.0,0.0,28.0,154.0,37.64,0.0,211.0,148.0,4
1,3.0,0.0,36.98,102.0,42.44,0.0,196.0,106.0,4
0,2.0,0.0,37.94,161.0,24.73,0.0,194.0,98.0,2
0,2.0,0.0,32.82,140.0,25.72,0.0,182.0,112.0,3
0,2.0,0.0,29.5,119.0,33.4,0.0,181.0,114.0,4
0,2.0,0.0,31.52,127.0,28.95,0.0,175.0,114.0,3
0,2.0,0.0,29.41,124.0,29.92,0.0,200.0,140.0,3
0,3.0,0.0,51.16,151.0,18.15,0.0,170.0,96.0,1
0,3.0,0.0,38.95,116.0,23.36,0.0,182.0,98.0,2
0,1.0,0.0,26.01,136.0,27.49,0.0,151.0,114.0,3
0,1.0,0.0,33.56,165.0,33.97,0.0,181.0,114.0,4
0,3.0,0.0,34.96,111.0,23.58,0.0,211.0,106.0,2
0,3.0,0.0,49.8,111.0,32.34,0.0,182.0,124.0,4
0,3.0,0.0,48.16,128.0,22.22,0.0,223.0,122.0,2
0,3.0,0.0,49.4,155.0,19.25,0.0,165.0,108.0,2
0,2.0,0.0,43.4,167.0,17.59,0.0,196.0,96.0,1
0,3.0,0.0,34.76,141.0,23.14,0.0,165.0,94.0,2
1,3.0,0.0,38.9,120.0,25.94,0.0,233.0,102.0,3
0,1.0,0.0,33.58,149.0,29.44,0.0,254.0,126.0,3
0,3.0,0.0,59.24,129.0,33.56,0.0,116.0,106.0,4
0,2.0,0.0,38.5,130.0,31.36,0.0,221.0,124.0,4
0,3.0,0.0,54.68,118.0,29.11,0.0,157.0,104.0,3
0,2.0,0.0,28.6,128.0,23.53,0.0,233.0,126.0,2
1,1.0,0.0,20.85,127.0,29.58,0.0,241.0,124.0,3
0,2.0,0.0,43.33,153.0,25.06,0.0,140.0,92.0,3
0,3.0,0.0,36.92,163.0,21.6,0.0,238.0,98.0,2
0,1.0,0.0,32.6,143.0,26.45,0.0,220.0,116.0,3
0,2.0,0.0,30.22,120.0,37.33,0.0,265.0,126.0,4
0,3.0,0.0,45.94,105.0,24.62,0.0,185.0,118.0,2
0,1.0,0.0,32.88,164.0,27.73,0.0,193.0,108.0,3
0,2.0,0.0,29.14,148.0,20.67,0.0,277.0,114.0,2
0,3.0,0.0,43.57,139.0,29.81,0.0,224.0,142.0,3
0,1.0,0.0,27.92,163.0,19.94,0.0,178.0,108.0,2
0,2.0,0.0,29.09,138.0,40.03,0.0,264.0,118.0,4
0,3.0,0.0,42.74,127.0,28.77,0.0,217.0,108.0,3
0,2.0,0.0,39.61,128.0,33.75,0.0,221.0,118.0,4
0,2.0,0.0,38.88,134.0,28.48,0.0,193.0,126.0,3
0,2.0,0.0,33.7,157.0,22.12,0.0,187.0,110.0,2
0,3.0,0.0,34.51,107.0,27.14,0.0,200.0,108.0,3
0,2.0,0.0,34.96,155.0,22.1,0.0,140.0,102.0,2
0,3.0,0.0,47.67,103.0,33.07,0.0,201.0,100.0,4
0,1.0,0.0,29.86,147.0,31.58,0.0,201.0,112.0,4
0,3.0,0.0,53.78,127.0,22.01,0.0,132.0,94.0,2
1,1.0,0.0,21.64,145.0,20.01,0.0,224.0,124.0,2
0,2.0,0.0,33.9,118.0,36.31,0.0,319.0,120.0,4
0,3.0,0.0,45.8,138.0,28.09,0.0,171.0,114.0,3
0,1.0,0.0,32.9,144.0,25.8,0.0,209.0,112.0,3
0,2.0,0.0,38.64,121.0,27.84,0.0,187.0,126.0,3
1,3.0,0.0,42.12,129.0,22.14,0.0,145.0,122.0,2
0,2.0,0.0,30.67,162.0,18.67,0.0,223.0,100.0,2
0,2.0,0.0,40.01,132.0,31.71,0.0,178.0,116.0,4
0,2.0,0.0,38.07,145.0,31.06,0.0,233.0,126.0,4
0,2.0,0.0,36.2,153.0,23.77,0.0,192.0,110.0,2
0,2.0,0.0,31.64,124.0,31.91,0.0,271.0,118.0,4
0,2.0,0.0,37.61,111.0,42.38,0.0,179.0,114.0,4
0,2.0,0.0,37.48,103.0,27.71,0.0,206.0,128.0,3
0,2.0,0.0,32.73,122.0,44.46,0.0,229.0,102.0,4
0,3.0,0.0,44.59,109.0,35.29,0.0,206.0,120.0,4
0,3.0,0.0,46.75,143.0,23.29,0.0,182.0,114.0,2
0,3.0,0.0,47.6,136.0,17.19,0.0,206.0,114.0,1
0,2.0,0.0,41.44,146.0,27.34,0.0,278.0,108.0,3
0,3.0,0.0,47.45,133.0,24.81,0.0,247.0,120.0,2
0,1.0,0.0,33.75,157.0,30.25,0.0,206.0,118.0,4
0,2.0,0.0,37.98,135.0,25.11,0.0,195.0,132.0,3
0,3.0,0.0,58.34,128.0,20.07,0.0,168.0,106.0,2
0,3.0,0.0,45.09,155.0,22.55,0.0,172.0,132.0,2
0,3.0,0.0,34.81,128.0,26.5,0.0,252.0,128.0,3
0,3.0,0.0,38.6,107.0,29.56,0.0,204.0,150.0,3
0,3.0,0.0,36.37,93.0,27.95,0.0,165.0,98.0,3
0,3.0,0.0,46.0,105.0,40.31,0.0,155.0,114.0,4
0,1.0,0.0,31.98,133.0,29.1,0.0,231.0,128.0,3
0,3.0,0.0,33.15,103.0,28.03,0.0,127.0,120.0,3
0,2.0,0.0,32.38,132.0,25.16,0.0,156.0,104.0,3
0,3.0,0.0,44.51,132.0,34.15,0.0,207.0,142.0,4
1,1.0,0.0,26.39,156.0,22.51,0.0,188.0,126.0,2
0,1.0,0.0,30.98,156.0,27.98,0.0,206.0,106.0,3
0,2.0,0.0,38.17,119.0,34.12,0.0,243.0,112.0,4
0,2.0,0.0,35.13,121.0,20.56,0.0,139.0,110.0,2
0,2.0,0.0,31.46,138.0,22.35,0.0,222.0,108.0,2
0,2.0,0.0,39.5,146.0,22.6,0.0,265.0,120.0,2
0,2.0,0.0,33.36,149.0,23.25,0.0,138.0,96.0,2
1,2.0,0.0,32.43,124.0,34.44,0.0,216.0,148.0,4
0,2.0,0.0,36.4,181.0,21.26,0.0,160.0,118.0,2
0,2.0,0.0,31.62,156.0,24.59,0.0,213.0,108.0,2
0,1.0,0.0,27.0,156.0,36.61,0.0,188.0,110.0,4
0,2.0,0.0,29.33,112.0,36.7,0.0,185.0,164.0,4
0,2.0,0.0,35.74,152.0,23.91,0.0,198.0,108.0,2
0,3.0,0.0,45.13,140.0,23.98,0.0,153.0,122.0,2
0,3.0,0.0,37.34,129.0,28.57,0.0,159.0,104.0,3
0,2.0,0.0,41.75,132.0,19.73,0.0,168.0,112.0,2
1,2.0,0.0,31.34,133.0,26.62,0.0,190.0,104.0,3
0,2.0,0.0,41.39,149.0,26.05,0.0,193.0,102.0,3
0,3.0,0.0,49.4,103.0,30.5,0.0,149.0,98.0,4
0,3.0,0.0,45.04,142.0,29.45,0.0,217.0,144.0,3
0,1.0,0.0,29.08,153.0,23.68,0.0,163.0,110.0,2
0,2.0,0.0,41.55,145.0,22.86,0.0,145.0,110.0,2
0,3.0,0.0,60.45,114.0,28.02,0.0,166.0,120.0,3
0,1.0,0.0,27.2,157.0,26.94,0.0,194.0,106.0,3
0,3.0,0.0,51.94,135.0,20.8,0.0,145.0,90.0,2
0,1.0,0.0,33.08,168.0,28.07,0.0,160.0,114.0,3
0,3.0,0.0,47.21,120.0,24.04,0.0,159.0,108.0,2
0,3.0,0.0,39.01,129.0,18.72,0.0,207.0,108.0,2
0,3.0,0.0,44.26,114.0,27.14,0.0,187.0,116.0,3
0,2.0,0.0,33.55,135.0,20.02,0.0,180.0,106.0,2
0,1.0,0.0,28.29,128.0,27.2,0.0,194.0,104.0,3
0,2.0,0.0,42.58,143.0,29.73,0.0,219.0,116.0,3
0,2.0,0.0,37.6,117.0,32.5,0.0,187.0,120.0,4
0,3.0,0.0,39.9,104.0,28.69,0.0,271.0,120.0,3
0,1.0,0.0,29.34,167.0,24.56,0.0,171.0,116.0,2
0,3.0,0.0,52.61,130.0,22.24,0.0,195.0,106.0,2
0,3.0,0.0,39.15,119.0,25.76,0.0,135.0,100.0,3
0,3.0,0.0,46.32,140.0,19.22,0.0,177.0,112.0,2
0,2.0,0.0,29.6,114.0,33.09,0.0,169.0,124.0,4
0,3.0,0.0,37.84,126.0,24.21,0.0,169.0,104.0,2
0,3.0,0.0,39.8,133.0,19.19,0.0,219.0,96.0,2
0,2.0,0.0,27.15,126.0,32.36,0.0,199.0,140.0,4
0,2.0,0.0,35.73,123.0,23.32,0.0,171.0,104.0,2
0,3.0,0.0,37.97,126.0,33.8,0.0,179.0,112.0,4
0,3.0,0.0,50.27,130.0,26.58,0.0,144.0,106.0,3
0,2.0,0.0,37.7,120.0,27.32,0.0,189.0,104.0,3
1,2.0,0.0,37.9,115.0,25.32,0.0,162.0,146.0,3
0,2.0,0.0,35.42,125.0,46.58,0.0,161.0,130.0,4
0,3.0,0.0,47.9,145.0,26.51,0.0,127.0,116.0,3
0,1.0,0.0,34.44,170.0,25.01,0.0,145.0,118.0,3
0,3.0,0.0,44.97,112.0,31.22,0.0,221.0,116.0,4
0,3.0,0.0,59.26,119.0,19.62,0.0,120.0,120.0,2
0,1.0,0.0,29.53,164.0,22.48,0.0,206.0,114.0,2
0,1.0,0.0,21.9,130.0,27.31,0.0,228.0,134.0,3
0,1.0,0.0,31.66,144.0,26.11,0.0,259.0,120.0,3
0,2.0,0.0,31.22,140.0,27.44,0.0,196.0,108.0,3
0,3.0,0.0,43.47,111.0,31.18,0.0,266.0,112.0,4
0,3.0,0.0,43.16,134.0,22.97,0.0,193.0,110.0,2
0,3.0,0.0,48.88,146.0,24.36,0.0,184.0,124.0,2
0,2.0,0.0,38.66,129.0,32.04,0.0,239.0,128.0,4
0,2.0,0.0,35.33,136.0,29.19,0.0,152.0,118.0,3
0,2.0,0.0,35.51,144.0,26.4,0.0,255.0,120.0,3
0,1.0,0.0,25.24,113.0,32.58,0.0,184.0,130.0,4
0,3.0,0.0,45.8,153.0,18.67,0.0,153.0,108.0,2
0,1.0,0.0,28.29,147.0,23.04,0.0,207.0,128.0,2
0,3.0,0.0,46.4,110.0,34.86,0.0,241.0,134.0,4
0,2.0,0.0,40.14,136.0,31.01,1.0,206.0,118.0,4
0,3.0,0.0,44.63,173.0,19.45,0.0,193.0,106.0,2
1,3.0,0.0,49.4,132.0,44.67,0.0,220.0,110.0,4
0,1.0,0.0,30.06,147.0,26.62,0.0,178.0,108.0,3
0,3.0,0.0,45.02,135.0,20.58,0.0,142.0,112.0,2
0,3.0,0.0,45.66,149.0,19.33,0.0,165.0,114.0,2
0,3.0,0.0,55.06,153.0,19.55,0.0,192.0,112.0,2
0,3.0,0.0,47.9,144.0,27.35,0.0,179.0,112.0,3
1,2.0,0.0,30.54,110.0,45.05,0.0,178.0,116.0,4
0,1.0,0.0,25.4,131.0,37.45,0.0,167.0,114.0,4
0,1.0,0.0,33.75,162.0,29.69,0.0,179.0,134.0,3
0,3.0,0.0,41.9,124.0,21.61,0.0,159.0,94.0,2
0,2.0,0.0,42.69,172.0,19.38,0.0,132.0,138.0,2
0,2.0,0.0,43.0,156.0,19.81,0.0,189.0,120.0,2
0,1.0,0.0,29.44,142.0,32.35,0.0,275.0,116.0,4
0,1.0,0.0,28.13,164.0,17.6,0.0,185.0,104.0,1
0,1.0,0.0,32.07,164.0,31.74,0.0,255.0,108.0,4
0,2.0,0.0,42.54,138.0,19.21,0.0,134.0,108.0,2
0,3.0,0.0,49.48,127.0,27.19,0.0,204.0,184.0,3
0,3.0,0.0,46.03,108.0,32.62,0.0,184.0,112.0,4
1,1.0,0.0,22.08,128.0,42.51,0.0,176.0,104.0,4
0,3.0,0.0,43.03,124.0,27.93,0.0,187.0,100.0,3
0,3.0,0.0,34.91,123.0,20.99,0.0,219.0,94.0,2
0,1.0,0.0,33.2,148.0,30.67,0.0,176.0,114.0,4
0,1.0,0.0,27.37,144.0,21.58,0.0,183.0,102.0,2
0,3.0,0.0,47.5,119.0,27.62,0.0,199.0,116.0,3
0,3.0,0.0,39.15,137.0,24.12,0.0,168.0,100.0,2
0,3.0,0.0,50.75,119.0,24.41,0.0,225.0,102.0,2
0,3.0,0.0,39.38,135.0,23.21,0.0,177.0,120.0,2
0,3.0,0.0,67.67,112.0,30.71,0.0,332.0,146.0,4
0,2.0,0.0,28.74,130.0,32.09,1.0,217.0,122.0,4
1,1.0,0.0,24.34,135.0,36.82,0.0,201.0,116.0,4
0,2.0,0.0,35.5,133.0,25.53,0.0,155.0,114.0,3
0,1.0,0.0,27.04,162.0,22.94,0.0,138.0,124.0,2
0,2.0,0.0,33.23,143.0,33.73,0.0,161.0,106.0,4
0,2.0,0.0,40.6,133.0,24.66,0.0,176.0,118.0,2
0,1.0,0.0,30.21,135.0,27.59,0.0,225.0,126.0,3
0,2.0,0.0,42.8,122.0,27.29,0.0,154.0,128.0,3
0,2.0,0.0,34.09,119.0,38.23,0.0,201.0,116.0,4
0,3.0,0.0,33.27,102.0,31.8,0.0,202.0,114.0,4
0,2.0,0.0,33.68,130.0,23.15,0.0,169.0,98.0,2
0,2.0,0.0,36.52,111.0,33.39,0.0,235.0,114.0,4
0,3.0,0.0,57.22,131.0,23.21,0.0,165.0,124.0,2
0,3.0,0.0,43.89,115.0,26.4,0.0,155.0,98.0,3
0,3.0,0.0,36.78,129.0,18.49,0.0,183.0,98.0,1
0,2.0,0.0,32.84,123.0,32.21,0.0,170.0,116.0,4
0,2.0,0.0,38.6,129.0,24.89,0.0,157.0,104.0,2
0,1.0,0.0,28.34,153.0,22.63,0.0,193.0,104.0,2
0,3.0,0.0,37.6,124.0,20.03,0.0,204.0,94.0,2
0,3.0,0.0,42.13,106.0,20.05,0.0,183.0,116.0,2
0,2.0,0.0,34.81,133.0,37.3,0.0,186.0,120.0,4
0,1.0,0.0,33.91,151.0,27.3,0.0,243.0,104.0,3
0,3.0,0.0,38.43,128.0,24.45,0.0,225.0,102.0,2
0,2.0,0.0,34.2,140.0,21.9,0.0,223.0,142.0,2
0,1.0,0.0,34.64,160.0,34.12,0.0,184.0,114.0,4
0,2.0,0.0,35.14,126.0,35.72,0.0,141.0,106.0,4
0,2.0,0.0,42.29,136.0,32.07,0.0,212.0,130.0,4
0,2.0,0.0,34.17,135.0,28.69,0.0,162.0,106.0,3
0,3.0,0.0,52.4,142.0,31.08,0.0,238.0,122.0,4
0,2.0,0.0,31.07,121.0,28.11,0.0,145.0,104.0,3
0,2.0,0.0,41.02,150.0,26.34,0.0,177.0,130.0,3
0,2.0,0.0,30.9,116.0,31.84,0.0,235.0,112.0,4
0,2.0,0.0,33.64,139.0,27.74,0.0,174.0,124.0,3
0,2.0,0.0,37.21,143.0,25.79,0.0,187.0,130.0,3
0,2.0,0.0,35.86,148.0,30.15,0.0,182.0,112.0,4
0,2.0,0.0,43.26,126.0,33.94,0.0,196.0,154.0,4
0,3.0,0.0,54.57,90.0,19.14,0.0,163.0,128.0,2
0,2.0,0.0,41.53,138.0,21.96,0.0,168.0,120.0,2
0,3.0,0.0,43.73,136.0,32.91,0.0,209.0,118.0,4
0,2.0,0.0,37.88,151.0,25.65,0.0,169.0,112.0,3
0,2.0,0.0,34.79,124.0,34.4,0.0,289.0,114.0,4
0,2.0,0.0,40.6,167.0,16.01,0.0,166.0,106.0,1
0,1.0,0.0,32.88,144.0,28.41,0.0,222.0,122.0,3
0,1.0,0.0,30.28,171.0,24.9,0.0,144.0,118.0,2
0,2.0,0.0,41.12,144.0,24.77,0.0,184.0,122.0,2
0,2.0,0.0,34.18,124.0,26.43,0.0,253.0,138.0,3
0,3.0,0.0,46.68,115.0,32.01,0.0,244.0,116.0,4
0,3.0,0.0,40.43,114.0,29.98,0.0,198.0,142.0,3
1,1.0,0.0,21.25,132.0,39.06,0.0,217.0,122.0,4
0,3.0,0.0,41.78,102.0,25.17,0.0,190.0,110.0,3
0,1.0,0.0,24.71,129.0,34.94,0.0,205.0,116.0,4
0,2.0,0.0,39.03,148.0,25.53,0.0,184.0,132.0,3
0,3.0,0.0,37.6,121.0,20.68,0.0,173.0,106.0,2
0,3.0,0.0,50.05,149.0,23.65,0.0,164.0,108.0,2
0,2.0,0.0,36.97,120.0,26.01,0.0,183.0,106.0,3
0,2.0,0.0,38.69,170.0,18.74,0.0,164.0,140.0,2
0,1.0,0.0,26.86,138.0,28.76,0.0,224.0,112.0,3
0,2.0,0.0,30.6,105.0,37.55,0.0,245.0,104.0,4
0,3.0,0.0,40.6,112.0,30.52,0.0,244.0,108.0,4
0,3.0,0.0,42.89,116.0,34.36,0.0,236.0,128.0,4
0,1.0,0.0,33.33,124.0,25.09,0.0,93.0,110.0,3
0,3.0,0.0,46.2,112.0,27.41,0.0,219.0,118.0,3
0,2.0,0.0,31.85,132.0,21.52,0.0,259.0,110.0,2
0,3.0,0.0,66.07,123.0,22.81,0.0,165.0,128.0,2
0,2.0,0.0,30.86,117.0,31.09,0.0,222.0,140.0,4
0,3.0,0.0,36.23,124.0,21.4,0.0,199.0,112.0,2
0,2.0,0.0,31.44,154.0,21.96,0.0,162.0,106.0,2
0,3.0,0.0,38.6,126.0,26.14,0.0,198.0,106.0,3
0,3.0,0.0,45.44,121.0,34.69,0.0,207.0,114.0,4
0,2.0,0.0,37.15,157.0,23.17,0.0,153.0,86.0,2
0,2.0,0.0,41.3,147.0,25.06,0.0,143.0,128.0,3
0,2.0,0.0,34.04,138.0,19.69,0.0,213.0,104.0,2
0,1.0,0.0,32.0,165.0,26.87,0.0,204.0,110.0,3
0,3.0,0.0,52.6,110.0,27.76,0.0,175.0,98.0,3
0,3.0,0.0,43.76,119.0,28.85,0.0,263.0,130.0,3
0,2.0,0.0,40.42,166.0,21.86,0.0,165.0,102.0,2
0,2.0,0.0,36.08,173.0,23.65,0.0,263.0,134.0,2
0,2.0,0.0,31.11,127.0,32.13,0.0,183.0,114.0,4
0,3.0,0.0,51.84,126.0,24.5,0.0,214.0,108.0,2
0,1.0,0.0,34.73,139.0,28.86,0.0,176.0,120.0,3
0,2.0,0.0,39.38,136.0,26.42,0.0,200.0,110.0,3
0,2.0,0.0,35.2,134.0,32.0,1.0,247.0,120.0,4
0,2.0,0.0,30.59,148.0,25.19,0.0,184.0,102.0,3
0,2.0,0.0,40.63,145.0,24.38,0.0,186.0,118.0,2
0,3.0,0.0,40.35,129.0,24.06,0.0,214.0,112.0,2
0,2.0,0.0,35.72,155.0,22.7,0.0,164.0,104.0,2
0,3.0,0.0,69.13,110.0,27.73,0.0,227.0,118.0,3
0,2.0,0.0,35.64,147.0,26.95,0.0,182.0,100.0,3
0,1.0,0.0,35.85,142.0,33.61,0.0,226.0,120.0,4
0,3.0,0.0,48.77,136.0,28.87,0.0,204.0,120.0,3
0,3.0,0.0,57.95,112.0,22.77,0.0,203.0,120.0,2
0,2.0,0.0,41.55,133.0,28.4,0.0,242.0,110.0,3
0,2.0,0.0,31.9,121.0,24.7,0.0,147.0,112.0,2
0,2.0,0.0,36.94,117.0,23.0,0.0,307.0,110.0,2
1,1.0,0.0,29.82,149.0,27.84,0.0,180.0,118.0,3
0,2.0,0.0,41.06,144.0,30.34,0.0,186.0,122.0,4
0,1.0,0.0,33.6,149.0,29.62,0.0,188.0,110.0,3
0,2.0,0.0,27.1,144.0,24.05,0.0,221.0,162.0,2
0,3.0,0.0,46.45,107.0,28.92,0.0,221.0,122.0,3
0,2.0,0.0,34.95,121.0,31.44,0.0,218.0,102.0,4
0,3.0,0.0,40.03,114.0,29.73,0.0,237.0,114.0,3
0,3.0,0.0,58.27,112.0,23.89,0.0,198.0,120.0,2
0,2.0,0.0,43.55,37.0,23.92,0.0,128.0,100.0,2
0,3.0,0.0,44.68,139.0,27.29,0.0,203.0,126.0,3
0,3.0,0.0,49.0,109.0,37.75,0.0,162.0,104.0,4
0,3.0,0.0,51.83,111.0,33.08,0.0,167.0,132.0,4
0,3.0,0.0,45.19,110.0,35.63,0.0,173.0,126.0,4
0,3.0,0.0,44.74,150.0,23.29,0.0,155.0,120.0,2
0,3.0,0.0,46.35,122.0,21.29,0.0,221.0,118.0,2
0,1.0,0.0,28.96,159.0,27.09,0.0,175.0,112.0,3
0,3.0,0.0,49.86,111.0,19.24,0.0,191.0,100.0,2
0,2.0,0.0,37.82,166.0,25.79,0.0,155.0,118.0,3
0,2.0,0.0,37.82,130.0,29.44,0.0,155.0,120.0,3
0,2.0,0.0,37.42,144.0,20.69,0.0,196.0,116.0,2
0,2.0,0.0,28.67,130.0,26.07,0.0,155.0,102.0,3
0,3.0,0.0,55.06,140.0,24.02,0.0,161.0,104.0,2
0,1.0,0.0,36.88,156.0,29.89,0.0,146.0,120.0,3
1,2.0,0.0,30.82,132.0,23.25,0.0,231.0,116.0,2
0,2.0,0.0,28.89,149.0,21.82,0.0,150.0,114.0,2
0,3.0,0.0,69.78,114.0,31.48,0.0,189.0,116.0,4
0,2.0,0.0,33.8,116.0,37.53,0.0,235.0,134.0,4
0,3.0,0.0,34.65,89.0,24.04,0.0,185.0,110.0,2
0,2.0,0.0,34.35,128.0,33.04,0.0,221.0,110.0,4
0,2.0,0.0,37.31,139.0,28.12,0.0,189.0,102.0,3
0,2.0,0.0,38.15,159.0,22.28,0.0,200.0,136.0,2
0,1.0,0.0,33.44,148.0,26.2,0.0,194.0,122.0,3
0,3.0,0.0,44.09,128.0,29.44,0.0,179.0,114.0,3
0,2.0,0.0,41.92,131.0,26.53,0.0,170.0,110.0,3
0,2.0,0.0,32.9,133.0,30.52,0.0,155.0,112.0,4
0,2.0,0.0,37.6,136.0,32.1,0.0,203.0,122.0,4
0,2.0,0.0,31.62,147.0,18.27,0.0,158.0,102.0,1
0,3.0,0.0,48.08,157.0,22.04,0.0,121.0,108.0,2
0,2.0,0.0,32.89,138.0,28.71,0.0,210.0,104.0,3
0,3.0,0.0,44.42,152.0,21.69,0.0,173.0,120.0,2
0,3.0,0.0,39.98,111.0,20.15,0.0,205.0,102.0,2
0,3.0,0.0,45.8,108.0,29.69,0.0,303.0,126.0,3
0,1.0,0.0,23.01,114.0,25.71,0.0,243.0,98.0,3
0,1.0,0.0,36.59,164.0,24.01,0.0,186.0,124.0,2
0,3.0,0.0,40.7,113.0,28.64,0.0,167.0,128.0,3
0,3.0,0.0,44.7,171.0,24.11,0.0,181.0,122.0,2
1,3.0,0.0,44.36,133.0,27.14,0.0,178.0,112.0,3
1,2.0,0.0,37.97,135.0,43.76,0.0,191.0,116.0,4
0,2.0,0.0,42.09,164.0,23.34,0.0,135.0,112.0,2
0,2.0,0.0,26.79,126.0,25.92,0.0,232.0,114.0,3
0,1.0,0.0,25.95,173.0,32.64,0.0,191.0,132.0,4
0,3.0,0.0,40.11,123.0,25.78,0.0,169.0,116.0,3
0,3.0,0.0,40.0,116.0,28.1,0.0,231.0,120.0,3
0,3.0,0.0,51.58,119.0,22.61,0.0,161.0,102.0,2
0,2.0,0.0,34.96,121.0,27.08,1.0,245.0,116.0,3
0,2.0,0.0,42.78,162.0,23.86,0.0,220.0,118.0,2
0,3.0,0.0,53.4,114.0,23.79,0.0,189.0,102.0,2
0,3.0,0.0,67.49,109.0,18.05,0.0,108.0,106.0,1
0,3.0,0.0,46.63,145.0,28.42,0.0,172.0,130.0,3
0,1.0,0.0,37.03,144.0,25.02,0.0,220.0,114.0,3
0,3.0,0.0,39.17,133.0,23.42,0.0,216.0,118.0,2
0,2.0,0.0,34.85,124.0,29.8,0.0,233.0,118.0,3
0,3.0,0.0,50.23,114.0,35.83,1.0,222.0,106.0,4
0,3.0,0.0,42.31,102.0,28.64,0.0,188.0,126.0,3
0,3.0,0.0,48.05,112.0,25.86,0.0,200.0,124.0,3
0,2.0,0.0,36.6,116.0,33.86,0.0,152.0,116.0,4
0,1.0,0.0,28.38,133.0,24.35,0.0,188.0,128.0,2
0,3.0,0.0,58.04,93.0,28.34,0.0,167.0,136.0,3
0,3.0,0.0,50.95,102.0,22.47,0.0,150.0,112.0,2
0,3.0,0.0,78.89,92.0,20.82,0.0,227.0,110.0,2
0,3.0,0.0,32.9,120.0,33.43,0.0,200.0,146.0,4
0,3.0,0.0,47.51,109.0,27.1,0.0,220.0,108.0,3
0,3.0,0.0,39.59,111.0,25.72,0.0,249.0,160.0,3
0,1.0,0.0,25.23,154.0,24.5,0.0,290.0,104.0,2
0,2.0,0.0,38.2,118.0,27.32,0.0,137.0,126.0,3
0,1.0,0.0,26.1,126.0,23.71,0.0,270.0,104.0,2
1,1.0,0.0,27.57,146.0,31.06,0.0,192.0,118.0,4
0,2.0,0.0,32.87,138.0,22.85,0.0,197.0,126.0,2
0,2.0,0.0,33.35,98.0,19.94,0.0,148.0,96.0,2
0,2.0,0.0,40.32,133.0,31.41,0.0,185.0,132.0,4
0,2.0,0.0,37.16,135.0,22.89,0.0,177.0,126.0,2
0,3.0,0.0,53.87,126.0,19.53,0.0,142.0,120.0,2
0,3.0,0.0,45.96,122.0,22.79,0.0,178.0,124.0,2
0,1.0,0.0,28.66,145.0,28.53,0.0,158.0,114.0,3
0,3.0,0.0,45.54,109.0,29.82,0.0,175.0,104.0,3
0,2.0,0.0,40.08,119.0,31.57,0.0,175.0,120.0,4
0,3.0,0.0,43.4,126.0,44.69,0.0,179.0,144.0,4
0,1.0,0.0,31.61,166.0,29.21,0.0,234.0,120.0,3
0,2.0,0.0,43.16,132.0,27.2,0.0,177.0,120.0,3
0,3.0,0.0,38.95,133.0,28.22,0.0,213.0,100.0,3
0,3.0,0.0,50.1,129.0,24.02,0.0,149.0,130.0,2
0,2.0,0.0,39.71,135.0,31.04,0.0,197.0,140.0,4
0,3.0,0.0,45.57,103.0,32.09,0.0,134.0,110.0,4
0,3.0,0.0,37.23,139.0,25.64,0.0,153.0,122.0,3
0,2.0,0.0,31.6,166.0,19.17,0.0,160.0,92.0,2
0,2.0,0.0,36.32,126.0,24.42,0.0,156.0,114.0,2
0,3.0,0.0,33.52,134.0,26.16,0.0,223.0,124.0,3
0,3.0,0.0,44.2,140.0,22.24,0.0,205.0,90.0,2
0,2.0,0.0,33.93,128.0,21.39,0.0,180.0,98.0,2
0,2.0,0.0,42.2,130.0,32.04,0.0,198.0,124.0,4
0,3.0,0.0,54.93,113.0,26.08,0.0,150.0,118.0,3
0,1.0,0.0,33.43,153.0,30.45,0.0,203.0,138.0,4
0,1.0,0.0,27.42,151.0,19.48,0.0,244.0,116.0,2
0,3.0,0.0,43.91,111.0,36.86,0.0,171.0,132.0,4
0,2.0,0.0,27.77,123.0,29.58,0.0,123.0,136.0,3
0,2.0,0.0,35.53,143.0,23.32,0.0,283.0,100.0,2
0,3.0,0.0,57.68,155.0,22.85,0.0,124.0,94.0,2
0,3.0,0.0,39.82,117.0,34.82,0.0,167.0,110.0,4
0,3.0,0.0,51.47,124.0,25.95,0.0,154.0,106.0,3
0,2.0,0.0,43.71,147.0,23.21,0.0,194.0,102.0,2
0,3.0,0.0,48.38,129.0,21.47,0.0,231.0,118.0,2
0,2.0,0.0,31.6,135.0,25.91,0.0,184.0,88.0,3
0,3.0,0.0,37.93,134.0,25.72,0.0,157.0,94.0,3
0,3.0,0.0,45.11,134.0,24.6,0.0,243.0,118.0,2
1,1.0,0.0,31.28,131.0,27.67,0.0,221.0,138.0,3
0,3.0,0.0,45.98,131.0,24.85,0.0,146.0,102.0,2
0,1.0,0.0,27.76,141.0,36.57,0.0,242.0,120.0,4
0,3.0,0.0,54.93,128.0,27.74,0.0,130.0,126.0,3
0,3.0,0.0,32.6,121.0,34.25,0.0,151.0,92.0,4
0,1.0,0.0,29.04,159.0,23.68,0.0,219.0,98.0,2
1,2.0,0.0,28.82,129.0,34.71,0.0,155.0,124.0,4
0,3.0,0.0,44.14,125.0,42.87,0.0,270.0,118.0,4
0,3.0,0.0,43.76,143.0,21.93,0.0,201.0,128.0,2
0,3.0,0.0,33.08,128.0,23.94,0.0,143.0,120.0,2
0,1.0,0.0,21.64,141.0,26.46,0.0,163.0,112.0,3
0,3.0,0.0,56.18,85.0,26.15,0.0,183.0,120.0,3
0,2.0,0.0,40.23,149.0,23.49,0.0,156.0,124.0,2
0,3.0,0.0,41.78,123.0,25.34,0.0,203.0,106.0,3
0,3.0,0.0,46.12,146.0,24.87,0.0,177.0,108.0,2
0,3.0,0.0,40.08,144.0,20.63,0.0,141.0,116.0,2
0,3.0,0.0,42.74,131.0,18.91,0.0,251.0,110.0,2
0,2.0,0.0,31.64,146.0,19.51,0.0,176.0,96.0,2
0,3.0,0.0,39.38,138.0,21.69,0.0,148.0,102.0,2
0,2.0,0.0,29.65,128.0,27.52,0.0,154.0,118.0,3
0,3.0,0.0,45.8,136.0,22.13,0.0,172.0,110.0,2
1,2.0,0.0,30.81,127.0,41.72,1.0,158.0,118.0,4
0,3.0,0.0,41.0,97.0,35.62,0.0,99.0,104.0,4
0,3.0,0.0,47.04,136.0,21.34,0.0,206.0,114.0,2
0,3.0,0.0,39.23,107.0,27.04,0.0,174.0,120.0,3
0,1.0,0.0,31.23,154.0,30.71,0.0,157.0,116.0,4
0,3.0,0.0,50.46,128.0,24.75,0.0,170.0,116.0,2
1,3.0,0.0,37.48,133.0,32.34,0.0,144.0,116.0,4
0,3.0,0.0,53.8,117.0,20.64,0.0,231.0,112.0,2
0,2.0,0.0,37.4,171.0,18.29,0.0,180.0,108.0,1
0,2.0,0.0,37.55,181.0,22.86,0.0,153.0,108.0,2
0,2.0,0.0,40.11,120.0,37.89,0.0,196.0,116.0,4
0,2.0,0.0,29.46,144.0,22.41,0.0,191.0,142.0,2
0,3.0,0.0,45.03,119.0,21.43,0.0,217.0,116.0,2
0,2.0,0.0,38.57,105.0,35.16,0.0,186.0,118.0,4
0,3.0,0.0,58.4,114.0,21.91,0.0,123.0,110.0,2
0,2.0,0.0,34.82,131.0,28.17,0.0,204.0,112.0,3
0,2.0,0.0,35.03,132.0,27.46,0.0,222.0,114.0,3
0,3.0,0.0,40.75,147.0,22.15,0.0,198.0,112.0,2
0,3.0,0.0,49.96,106.0,30.13,0.0,144.0,112.0,4
0,3.0,0.0,44.19,132.0,28.09,0.0,231.0,112.0,3
0,3.0,0.0,42.88,133.0,28.5,0.0,204.0,136.0,3
0,3.0,0.0,48.35,119.0,21.82,0.0,172.0,102.0,2
0,2.0,0.0,29.75,147.0,28.09,0.0,256.0,114.0,3
0,3.0,0.0,44.74,146.0,20.29,0.0,154.0,108.0,2
0,3.0,0.0,36.31,104.0,28.54,0.0,249.0,88.0,3
0,2.0,0.0,31.57,124.0,38.72,0.0,199.0,122.0,4
1,3.0,0.0,43.57,122.0,32.5,0.0,193.0,118.0,4
0,3.0,0.0,47.92,121.0,24.16,0.0,120.0,120.0,2
0,2.0,0.0,37.27,136.0,22.92,0.0,188.0,152.0,2
0,3.0,0.0,41.09,126.0,32.11,0.0,224.0,110.0,4
0,2.0,0.0,31.2,122.0,30.16,0.0,140.0,100.0,4
0,3.0,0.0,45.07,153.0,28.1,0.0,199.0,104.0,3
0,2.0,0.0,38.16,156.0,25.36,0.0,172.0,110.0,3
0,3.0,0.0,47.67,146.0,25.81,0.0,187.0,108.0,3
0,3.0,0.0,59.38,111.0,28.16,0.0,155.0,108.0,3
0,2.0,0.0,36.8,149.0,26.19,0.0,194.0,118.0,3
0,2.0,0.0,30.0,119.0,22.36,0.0,148.0,102.0,2
0,2.0,0.0,38.8,105.0,30.23,0.0,136.0,118.0,4
0,3.0,0.0,54.48,114.0,30.5,0.0,218.0,118.0,4
0,1.0,0.0,28.57,137.0,34.92,1.0,188.0,94.0,4
0,3.0,0.0,39.9,121.0,32.84,0.0,305.0,110.0,4
0,2.0,0.0,43.86,145.0,24.69,0.0,145.0,122.0,2
0,3.0,0.0,44.21,104.0,32.03,0.0,152.0,134.0,4
0,3.0,0.0,48.97,103.0,21.47,0.0,191.0,92.0,2
0,3.0,0.0,45.61,124.0,33.41,0.0,193.0,106.0,4
0,2.0,0.0,32.84,169.0,21.74,0.0,186.0,108.0,2
0,2.0,0.0,31.54,147.0,25.06,0.0,162.0,106.0,3
0,3.0,0.0,56.58,114.0,19.49,0.0,162.0,98.0,2
0,2.0,0.0,39.25,114.0,29.43,0.0,253.0,116.0,3
0,2.0,0.0,27.6,140.0,20.85,0.0,226.0,104.0,2
0,3.0,0.0,45.52,128.0,28.23,0.0,195.0,126.0,3
0,2.0,0.0,36.72,145.0,20.28,0.0,239.0,102.0,2
0,1.0,0.0,22.13,121.0,33.57,0.0,186.0,112.0,4
0,1.0,0.0,32.04,159.0,29.13,0.0,230.0,108.0,3
0,2.0,0.0,37.96,156.0,22.96,0.0,190.0,108.0,2
0,2.0,0.0,35.82,146.0,21.18,0.0,166.0,104.0,2
0,3.0,0.0,35.46,111.0,31.33,0.0,256.0,110.0,4
0,3.0,0.0,35.18,121.0,26.51,0.0,219.0,108.0,3
1,3.0,0.0,53.55,139.0,20.46,0.0,99.0,120.0,2
0,3.0,0.0,40.26,128.0,27.62,0.0,249.0,114.0,3
0,2.0,0.0,27.12,136.0,29.37,0.0,215.0,106.0,3
0,3.0,0.0,76.31,115.0,26.19,0.0,256.0,124.0,3
0,3.0,0.0,59.8,105.0,34.86,0.0,134.0,112.0,4
0,2.0,0.0,42.42,182.0,25.86,0.0,231.0,108.0,3
0,3.0,0.0,50.03,148.0,25.87,0.0,178.0,122.0,3
0,1.0,0.0,27.7,157.0,29.98,0.0,169.0,122.0,3
0,3.0,0.0,50.58,139.0,26.37,0.0,144.0,106.0,3
0,1.0,0.0,25.44,153.0,23.25,0.0,204.0,112.0,2
0,2.0,0.0,32.68,168.0,23.63,0.0,164.0,98.0,2
0,1.0,0.0,33.32,182.0,21.87,0.0,209.0,110.0,2
0,3.0,0.0,59.0,107.0,26.91,0.0,200.0,118.0,3
0,3.0,0.0,62.6,103.0,21.19,0.0,239.0,108.0,2
0,1.0,0.0,28.35,119.0,30.74,0.0,142.0,98.0,4
0,1.0,0.0,35.0,143.0,22.99,0.0,212.0,118.0,2
0,2.0,0.0,43.39,153.0,18.33,0.0,161.0,120.0,1
0,3.0,0.0,39.93,116.0,32.59,0.0,210.0,116.0,4
0,2.0,0.0,42.5,149.0,19.59,0.0,175.0,108.0,2
0,2.0,0.0,33.55,129.0,36.54,0.0,179.0,96.0,4
0,2.0,0.0,39.75,150.0,30.3,0.0,166.0,126.0,4
0,3.0,0.0,46.06,148.0,20.51,0.0,205.0,108.0,2
0,3.0,0.0,47.26,129.0,24.34,0.0,131.0,108.0,2
0,3.0,0.0,52.87,129.0,23.81,0.0,176.0,114.0,2
0,3.0,0.0,40.18,104.0,29.55,0.0,179.0,114.0,3
1,1.0,0.0,28.01,130.0,26.52,0.0,163.0,110.0,3
0,3.0,0.0,44.2,123.0,21.16,0.0,292.0,106.0,2
0,3.0,0.0,57.5,121.0,24.9,0.0,169.0,112.0,2
0,2.0,0.0,40.2,179.0,17.88,0.0,137.0,96.0,1
0,2.0,0.0,38.92,123.0,33.75,0.0,177.0,122.0,4
0,3.0,0.0,43.1,128.0,20.01,0.0,182.0,114.0,2
0,3.0,0.0,37.89,143.0,25.49,0.0,156.0,100.0,3
0,2.0,0.0,34.35,142.0,19.76,0.0,192.0,110.0,2
0,1.0,0.0,36.54,141.0,32.12,0.0,169.0,110.0,4
0,1.0,0.0,27.97,166.0,26.73,0.0,220.0,114.0,3
0,3.0,0.0,43.47,116.0,30.16,0.0,247.0,118.0,4
0,1.0,0.0,29.8,134.0,28.88,0.0,293.0,118.0,3
0,3.0,0.0,56.6,115.0,27.96,0.0,173.0,112.0,3
0,3.0,0.0,47.04,132.0,23.97,0.0,203.0,114.0,2
0,3.0,0.0,46.98,125.0,26.14,0.0,225.0,124.0,3
0,3.0,0.0,42.62,135.0,23.73,0.0,208.0,112.0,2
1,3.0,0.0,36.87,131.0,19.7,0.0,144.0,110.0,2
0,1.0,0.0,31.8,168.0,30.42,0.0,169.0,116.0,4
1,2.0,0.0,27.95,104.0,37.97,0.0,172.0,118.0,4
0,3.0,0.0,44.78,131.0,19.31,0.0,170.0,108.0,2
0,2.0,0.0,37.22,157.0,34.75,0.0,237.0,100.0,4
0,3.0,0.0,58.93,116.0,41.1,0.0,153.0,118.0,4
1,2.0,0.0,35.58,120.0,35.47,0.0,182.0,114.0,4
0,3.0,0.0,40.7,140.0,30.64,0.0,240.0,136.0,4
0,2.0,0.0,33.65,117.0,29.76,0.0,294.0,92.0,3
0,3.0,0.0,37.82,129.0,30.11,0.0,175.0,102.0,4
0,3.0,0.0,44.1,110.0,28.25,0.0,165.0,110.0,3
0,2.0,0.0,31.1,111.0,27.86,0.0,180.0,140.0,3
0,3.0,0.0,41.48,127.0,27.14,0.0,199.0,108.0,3
0,3.0,0.0,48.72,103.0,30.47,0.0,177.0,116.0,4
0,3.0,0.0,55.27,114.0,26.53,0.0,204.0,114.0,3
0,3.0,0.0,46.58,130.0,22.68,0.0,159.0,114.0,2
0,2.0,0.0,33.12,137.0,21.15,0.0,155.0,96.0,2
0,2.0,0.0,30.65,120.0,48.09,0.0,254.0,122.0,4
0,1.0,0.0,24.84,119.0,33.07,0.0,148.0,100.0,4
0,3.0,0.0,32.82,132.0,21.56,0.0,236.0,124.0,2
0,3.0,0.0,47.28,126.0,26.44,0.0,157.0,108.0,3
0,3.0,0.0,36.07,130.0,23.56,0.0,191.0,106.0,2
0,3.0,0.0,42.73,149.0,25.96,0.0,187.0,118.0,3
0,3.0,0.0,40.72,141.0,19.69,0.0,198.0,130.0,2
1,1.0,0.0,26.27,142.0,27.48,0.0,197.0,118.0,3
0,2.0,0.0,33.64,148.0,22.42,0.0,162.0,92.0,2
0,1.0,0.0,30.0,137.0,45.21,0.0,177.0,110.0,4
0,3.0,0.0,46.86,123.0,23.7,0.0,165.0,122.0,2
1,3.0,0.0,44.59,126.0,19.45,0.0,206.0,118.0,2
0,1.0,0.0,24.94,129.0,31.21,0.0,190.0,146.0,4
0,3.0,0.0,36.9,111.0,27.54,0.0,187.0,104.0,3
0,2.0,0.0,35.06,145.0,23.45,0.0,167.0,96.0,2
1,2.0,0.0,31.02,136.0,28.64,0.0,222.0,112.0,3
1,2.0,0.0,36.71,132.0,40.96,0.0,201.0,130.0,4
0,1.0,0.0,30.36,155.0,38.97,0.0,215.0,122.0,4
0,3.0,0.0,36.6,126.0,24.54,0.0,230.0,108.0,2
0,2.0,0.0,30.92,141.0,24.65,0.0,184.0,112.0,2
0,3.0,0.0,43.57,120.0,33.47,0.0,215.0,114.0,4
0,2.0,0.0,32.65,139.0,20.05,0.0,184.0,104.0,2
0,2.0,0.0,37.59,132.0,29.77,0.0,187.0,130.0,3
0,3.0,0.0,35.4,152.0,22.46,0.0,198.0,92.0,2
0,2.0,0.0,43.94,136.0,27.65,0.0,145.0,118.0,3
0,1.0,0.0,27.89,123.0,38.62,0.0,303.0,140.0,4
0,2.0,0.0,28.98,149.0,23.65,0.0,167.0,102.0,2
0,3.0,0.0,80.03,109.0,27.92,1.0,228.0,102.0,3
0,3.0,0.0,46.98,116.0,30.16,0.0,213.0,114.0,4
0,3.0,0.0,42.75,126.0,36.73,0.0,231.0,132.0,4
0,2.0,0.0,37.4,125.0,25.27,0.0,225.0,114.0,3
0,3.0,0.0,52.29,128.0,31.9,0.0,152.0,130.0,4
0,2.0,0.0,33.55,132.0,27.88,0.0,231.0,116.0,3
0,2.0,0.0,41.68,136.0,22.14,0.0,248.0,130.0,2
0,2.0,0.0,29.15,121.0,24.01,0.0,196.0,118.0,2
0,1.0,0.0,31.19,151.0,29.23,0.0,193.0,118.0,3
0,2.0,0.0,31.71,152.0,22.89,0.0,199.0,120.0,2
0,2.0,0.0,33.46,134.0,28.25,0.0,315.0,106.0,3
0,2.0,0.0,29.96,116.0,31.54,0.0,211.0,120.0,4
0,3.0,0.0,48.5,153.0,23.87,0.0,197.0,126.0,2
0,2.0,0.0,42.8,143.0,20.07,0.0,243.0,110.0,2
0,3.0,0.0,45.4,107.0,25.44,0.0,215.0,142.0,3
0,3.0,0.0,39.8,121.0,20.5,0.0,148.0,114.0,2
0,3.0,0.0,46.89,157.0,23.21,0.0,216.0,122.0,2
0,3.0,0.0,45.96,134.0,39.76,0.0,219.0,118.0,4
0,2.0,0.0,33.2,142.0,35.48,0.0,183.0,136.0,4
0,3.0,0.0,42.83,110.0,27.64,0.0,229.0,118.0,3
0,2.0,0.0,39.31,122.0,31.97,0.0,220.0,114.0,4
0,2.0,0.0,41.02,140.0,24.24,0.0,138.0,96.0,2
0,2.0,0.0,31.3,163.0,16.69,0.0,181.0,102.0,1
0,3.0,0.0,45.4,141.0,28.74,0.0,193.0,124.0,3
0,1.0,0.0,32.6,153.0,26.16,0.0,210.0,110.0,3
0,2.0,0.0,40.01,147.0,25.46,0.0,172.0,114.0,3
0,2.0,0.0,32.49,126.0,32.21,0.0,219.0,114.0,4
0,2.0,0.0,37.19,152.0,20.97,0.0,174.0,116.0,2
0,2.0,0.0,41.8,147.0,25.5,0.0,181.0,148.0,3
0,3.0,0.0,38.05,108.0,25.76,0.0,183.0,122.0,3
0,2.0,0.0,37.97,153.0,23.49,0.0,148.0,114.0,2
0,2.0,0.0,38.08,157.0,19.62,0.0,151.0,116.0,2
0,3.0,0.0,50.84,127.0,29.04,0.0,207.0,110.0,3
0,1.0,0.0,28.57,141.0,22.1,0.0,143.0,108.0,2
0,3.0,0.0,46.93,93.0,25.79,0.0,205.0,120.0,3
0,1.0,0.0,28.14,164.0,23.5,0.0,219.0,116.0,2
0,3.0,0.0,57.95,104.0,28.01,0.0,199.0,124.0,3
0,1.0,0.0,29.85,120.0,34.94,0.0,164.0,112.0,4
0,3.0,0.0,51.4,118.0,27.63,0.0,220.0,112.0,3
0,3.0,0.0,53.99,124.0,20.82,0.0,170.0,106.0,2
0,3.0,0.0,43.1,125.0,25.39,0.0,242.0,100.0,3
0,1.0,0.0,33.0,157.0,27.44,0.0,152.0,128.0,3
0,1.0,0.0,25.82,104.0,29.45,0.0,194.0,196.0,3
0,2.0,0.0,32.77,152.0,21.91,0.0,194.0,116.0,2
0,3.0,0.0,47.4,119.0,32.37,0.0,199.0,112.0,4
0,1.0,0.0,28.5,156.0,19.99,0.0,165.0,106.0,2
0,3.0,0.0,45.23,158.0,20.37,0.0,151.0,110.0,2
0,2.0,0.0,37.82,130.0,33.21,0.0,150.0,108.0,4
0,2.0,0.0,39.5,143.0,20.34,0.0,132.0,140.0,2
0,2.0,0.0,35.15,118.0,22.61,0.0,126.0,98.0,2
0,3.0,0.0,64.4,120.0,30.76,0.0,138.0,112.0,4
0,2.0,0.0,33.14,133.0,27.74,0.0,175.0,112.0,3
1,2.0,0.0,26.9,127.0,38.63,0.0,204.0,142.0,4
1,1.0,0.0,36.87,154.0,24.78,0.0,205.0,130.0,2
0,3.0,0.0,42.5,120.0,18.32,0.0,154.0,96.0,1
1,2.0,0.0,31.14,133.0,53.57,0.0,229.0,120.0,4
0,3.0,0.0,42.31,129.0,23.13,0.0,172.0,100.0,2
0,3.0,0.0,47.36,148.0,26.6,0.0,161.0,114.0,3
1,1.0,0.0,24.12,147.0,35.53,0.0,167.0,88.0,4
0,2.0,0.0,37.89,144.0,32.55,0.0,258.0,114.0,4
0,3.0,0.0,33.08,119.0,24.46,0.0,199.0,98.0,2
0,3.0,0.0,46.9,151.0,18.35,0.0,155.0,108.0,1
0,2.0,0.0,40.81,149.0,32.38,0.0,162.0,134.0,4
0,2.0,0.0,40.43,127.0,26.45,0.0,180.0,100.0,3
0,2.0,0.0,38.05,135.0,27.86,0.0,257.0,118.0,3
0,3.0,0.0,42.46,135.0,21.91,0.0,158.0,106.0,2
0,3.0,0.0,56.56,145.0,27.08,0.0,190.0,114.0,3
0,3.0,0.0,42.39,112.0,27.16,0.0,224.0,92.0,3
1,3.0,0.0,35.13,124.0,19.04,0.0,218.0,96.0,2
0,3.0,0.0,45.67,117.0,29.41,0.0,197.0,136.0,3
0,1.0,0.0,35.75,149.0,26.13,0.0,211.0,118.0,3
