SEQN,Age,Menopause_Status,Total_Cholesterol,LDL_Cholesterol
31131.0,44.0,Pre-menopausal,105.0,49.0
31151.0,59.0,Post-menopausal,205.0,104.0
31162.0,71.0,Post-menopausal,224.0,142.0
31187.0,22.0,Pre-menopausal,181.0,112.0
31437.0,59.0,Post-menopausal,215.0,127.0
31633.0,85.0,Post-menopausal,295.0,193.0
31746.0,77.0,Post-menopausal,174.0,82.0
32163.0,47.0,Pre-menopausal,210.0,126.0
32200.0,60.0,Post-menopausal,203.0,119.0
32272.0,83.0,Post-menopausal,144.0,50.0
32414.0,78.0,Post-menopausal,163.0,90.0
32671.0,29.0,Pre-menopausal,95.0,35.0
32709.0,47.0,Pre-menopausal,203.0,124.0
32729.0,85.0,Pre-menopausal,259.0,158.0
32918.0,64.0,Post-menopausal,172.0,91.0
33073.0,41.0,Pre-menopausal,286.0,157.0
33201.0,51.0,Pre-menopausal,188.0,109.0
33236.0,68.0,Post-menopausal,191.0,115.0
33277.0,77.0,Post-menopausal,136.0,60.0
33287.0,44.0,Pre-menopausal,205.0,141.0
33337.0,68.0,Post-menopausal,208.0,114.0
33959.0,81.0,Post-menopausal,112.0,26.0
33971.0,64.0,Post-menopausal,203.0,129.0
34040.0,84.0,Post-menopausal,212.0,134.0
34050.0,74.0,Post-menopausal,171.0,89.0
34060.0,70.0,Post-menopausal,108.0,40.0
34329.0,80.0,Post-menopausal,145.0,68.0
34423.0,58.0,Post-menopausal,138.0,71.0
34596.0,79.0,Pre-menopausal,237.0,146.0
34663.0,69.0,Post-menopausal,219.0,142.0
34674.0,80.0,Post-menopausal,210.0,119.0
34675.0,78.0,Post-menopausal,187.0,128.0
34779.0,67.0,Pre-menopausal,183.0,85.0
34781.0,48.0,Post-menopausal,200.0,110.0
34827.0,54.0,Post-menopausal,118.0,41.0
35077.0,50.0,Post-menopausal,221.0,124.0
35079.0,84.0,Pre-menopausal,157.0,82.0
35502.0,82.0,Pre-menopausal,192.0,114.0
35626.0,85.0,Post-menopausal,223.0,142.0
35667.0,73.0,Post-menopausal,164.0,65.0
35686.0,54.0,Post-menopausal,337.0,224.0
35687.0,70.0,Post-menopausal,114.0,53.0
35722.0,40.0,Pre-menopausal,193.0,112.0
35756.0,80.0,Post-menopausal,141.0,67.0
36176.0,41.0,Pre-menopausal,181.0,88.0
36266.0,85.0,Post-menopausal,172.0,84.0
36432.0,84.0,Post-menopausal,144.0,68.0
36569.0,82.0,Post-menopausal,243.0,143.0
36582.0,61.0,Post-menopausal,359.0,245.0
36655.0,48.0,Pre-menopausal,175.0,89.0
36690.0,85.0,Post-menopausal,269.0,162.0
36827.0,83.0,Post-menopausal,215.0,102.0
36845.0,51.0,Post-menopausal,205.0,140.0
36875.0,74.0,Post-menopausal,175.0,91.0
36947.0,85.0,Post-menopausal,253.0,158.0
37031.0,53.0,Post-menopausal,213.0,113.0
37078.0,45.0,Pre-menopausal,231.0,156.0
37134.0,75.0,Post-menopausal,221.0,127.0
37154.0,83.0,Post-menopausal,143.0,66.0
37279.0,43.0,Post-menopausal,219.0,120.0
37324.0,79.0,Pre-menopausal,171.0,95.0
37373.0,77.0,Post-menopausal,153.0,40.0
37462.0,29.0,Pre-menopausal,197.0,72.0
37617.0,60.0,Post-menopausal,130.0,68.0
37722.0,84.0,Pre-menopausal,212.0,96.0
37741.0,54.0,Post-menopausal,183.0,104.0
37887.0,67.0,Post-menopausal,258.0,168.0
37902.0,85.0,Post-menopausal,215.0,128.0
38073.0,75.0,Post-menopausal,189.0,101.0
38250.0,85.0,Post-menopausal,150.0,64.0
38322.0,56.0,Post-menopausal,206.0,112.0
38433.0,72.0,Post-menopausal,169.0,91.0
38444.0,59.0,Post-menopausal,217.0,134.0
38446.0,55.0,Post-menopausal,128.0,73.0
38450.0,85.0,Pre-menopausal,233.0,124.0
39051.0,77.0,Post-menopausal,198.0,120.0
39061.0,45.0,Pre-menopausal,163.0,90.0
39154.0,50.0,Post-menopausal,190.0,93.0
39215.0,64.0,Post-menopausal,193.0,105.0
39382.0,76.0,Post-menopausal,214.0,131.0
39426.0,40.0,Pre-menopausal,156.0,90.0
39511.0,65.0,Post-menopausal,198.0,136.0
39584.0,72.0,Post-menopausal,184.0,121.0
39638.0,70.0,Post-menopausal,431.0,328.0
39659.0,84.0,Post-menopausal,173.0,59.0
39886.0,48.0,Pre-menopausal,165.0,84.0
39963.0,41.0,Pre-menopausal,190.0,120.0
40004.0,51.0,Post-menopausal,180.0,93.0
40065.0,63.0,Post-menopausal,227.0,144.0
40110.0,65.0,Post-menopausal,139.0,76.0
40518.0,62.0,Post-menopausal,252.0,148.0
40599.0,71.0,Post-menopausal,123.0,54.0
40700.0,51.0,Post-menopausal,271.0,175.0
41127.0,70.0,Post-menopausal,224.0,121.0
41314.0,69.0,Post-menopausal,193.0,96.0
41612.0,80.0,Post-menopausal,341.0,253.0
41654.0,80.0,Post-menopausal,301.0,212.0
41675.0,71.0,Post-menopausal,177.0,79.0
41748.0,62.0,Pre-menopausal,254.0,160.0
41796.0,60.0,Post-menopausal,172.0,104.0
41820.0,79.0,Post-menopausal,313.0,221.0
42484.0,72.0,Post-menopausal,141.0,56.0
42531.0,63.0,Post-menopausal,206.0,124.0
42632.0,65.0,Post-menopausal,223.0,133.0
42714.0,80.0,Pre-menopausal,159.0,79.0
42745.0,51.0,Post-menopausal,161.0,81.0
42752.0,63.0,Post-menopausal,254.0,166.0
42814.0,80.0,Post-menopausal,211.0,111.0
42830.0,65.0,Post-menopausal,205.0,133.0
42845.0,80.0,Post-menopausal,128.0,64.0
43269.0,65.0,Post-menopausal,234.0,159.0
43271.0,53.0,Post-menopausal,171.0,113.0
43280.0,45.0,Pre-menopausal,194.0,113.0
43302.0,68.0,Post-menopausal,211.0,128.0
43305.0,77.0,Post-menopausal,175.0,89.0
43370.0,38.0,Pre-menopausal,256.0,166.0
43567.0,79.0,Post-menopausal,172.0,85.0
43599.0,77.0,Post-menopausal,241.0,162.0
43748.0,80.0,Post-menopausal,227.0,122.0
43769.0,80.0,Post-menopausal,250.0,122.0
43816.0,77.0,Post-menopausal,127.0,59.0
43840.0,80.0,Pre-menopausal,192.0,113.0
43895.0,50.0,Post-menopausal,173.0,95.0
43914.0,54.0,Post-menopausal,184.0,92.0
44104.0,80.0,Post-menopausal,166.0,74.0
44291.0,39.0,Post-menopausal,308.0,238.0
44521.0,80.0,Post-menopausal,169.0,83.0
44603.0,52.0,Pre-menopausal,169.0,102.0
44676.0,59.0,Post-menopausal,277.0,186.0
44679.0,80.0,Post-menopausal,192.0,128.0
44792.0,53.0,Post-menopausal,201.0,136.0
44804.0,80.0,Post-menopausal,101.0,39.0
44811.0,67.0,Post-menopausal,215.0,130.0
44839.0,75.0,Post-menopausal,113.0,50.0
45009.0,60.0,Post-menopausal,192.0,107.0
45142.0,61.0,Post-menopausal,236.0,117.0
45144.0,46.0,Pre-menopausal,162.0,69.0
45174.0,74.0,Post-menopausal,241.0,153.0
45223.0,61.0,Post-menopausal,188.0,108.0
45326.0,78.0,Post-menopausal,158.0,69.0
45387.0,80.0,Post-menopausal,254.0,153.0
45417.0,80.0,Post-menopausal,120.0,55.0
45523.0,71.0,Post-menopausal,180.0,86.0
45534.0,55.0,Pre-menopausal,141.0,63.0
45553.0,68.0,Post-menopausal,313.0,169.0
45558.0,73.0,Post-menopausal,147.0,80.0
45654.0,42.0,Pre-menopausal,136.0,62.0
45772.0,52.0,Post-menopausal,242.0,160.0
45788.0,64.0,Post-menopausal,191.0,113.0
45808.0,80.0,Post-menopausal,178.0,98.0
45826.0,62.0,Post-menopausal,273.0,191.0
46065.0,31.0,Pre-menopausal,148.0,75.0
46112.0,76.0,Post-menopausal,188.0,117.0
46129.0,64.0,Post-menopausal,184.0,111.0
46145.0,80.0,Post-menopausal,191.0,118.0
46169.0,80.0,Post-menopausal,187.0,126.0
46252.0,80.0,Post-menopausal,230.0,146.0
46264.0,80.0,Post-menopausal,122.0,58.0
46275.0,73.0,Post-menopausal,149.0,87.0
46283.0,80.0,Post-menopausal,157.0,78.0
46317.0,71.0,Post-menopausal,246.0,152.0
46322.0,80.0,Post-menopausal,187.0,95.0
46388.0,71.0,Post-menopausal,148.0,46.0
46484.0,54.0,Pre-menopausal,199.0,128.0
46590.0,74.0,Post-menopausal,304.0,222.0
46633.0,33.0,Pre-menopausal,215.0,123.0
46711.0,34.0,Pre-menopausal,102.0,45.0
46776.0,73.0,Post-menopausal,140.0,56.0
46781.0,71.0,Post-menopausal,225.0,112.0
46794.0,51.0,Post-menopausal,199.0,89.0
46822.0,80.0,Post-menopausal,112.0,55.0
46857.0,72.0,Post-menopausal,141.0,61.0
46874.0,80.0,Post-menopausal,132.0,74.0
46885.0,70.0,Pre-menopausal,212.0,119.0
47010.0,62.0,Post-menopausal,156.0,72.0
47068.0,62.0,Post-menopausal,214.0,92.0
47206.0,73.0,Post-menopausal,249.0,173.0
47210.0,80.0,Post-menopausal,263.0,161.0
47264.0,80.0,Post-menopausal,270.0,181.0
47265.0,69.0,Post-menopausal,146.0,73.0
47283.0,80.0,Post-menopausal,189.0,111.0
47315.0,36.0,Pre-menopausal,214.0,141.0
47481.0,44.0,Pre-menopausal,159.0,74.0
47614.0,75.0,Post-menopausal,343.0,235.0
47771.0,79.0,Post-menopausal,191.0,121.0
47778.0,67.0,Post-menopausal,133.0,71.0
47821.0,80.0,Post-menopausal,169.0,88.0
47994.0,80.0,Post-menopausal,202.0,105.0
48005.0,73.0,Post-menopausal,264.0,169.0
48365.0,53.0,Post-menopausal,240.0,150.0
48414.0,58.0,Post-menopausal,126.0,56.0
48450.0,80.0,Pre-menopausal,163.0,81.0
48504.0,70.0,Post-menopausal,125.0,63.0
48561.0,78.0,Pre-menopausal,151.0,64.0
48594.0,68.0,Post-menopausal,159.0,85.0
48633.0,79.0,Pre-menopausal,164.0,77.0
48876.0,69.0,Post-menopausal,232.0,138.0
49075.0,63.0,Post-menopausal,167.0,86.0
49159.0,75.0,Pre-menopausal,257.0,187.0
49208.0,41.0,Pre-menopausal,171.0,65.0
49222.0,45.0,Pre-menopausal,193.0,101.0
49243.0,62.0,Post-menopausal,147.0,71.0
49331.0,65.0,Post-menopausal,353.0,251.0
49419.0,70.0,Post-menopausal,186.0,112.0
49633.0,65.0,Post-menopausal,181.0,98.0
49938.0,80.0,Post-menopausal,147.0,67.0
50084.0,80.0,Post-menopausal,211.0,122.0
50100.0,80.0,Post-menopausal,163.0,90.0
50140.0,75.0,Post-menopausal,200.0,108.0
50170.0,63.0,Post-menopausal,179.0,93.0
50276.0,61.0,Post-menopausal,258.0,180.0
50364.0,46.0,Post-menopausal,204.0,111.0
50463.0,58.0,Post-menopausal,193.0,117.0
50679.0,74.0,Post-menopausal,156.0,85.0
50816.0,38.0,Pre-menopausal,189.0,73.0
50833.0,60.0,Post-menopausal,197.0,104.0
51018.0,65.0,Post-menopausal,145.0,45.0
51058.0,69.0,Post-menopausal,318.0,203.0
51071.0,80.0,Post-menopausal,173.0,86.0
51122.0,22.0,Pre-menopausal,126.0,76.0
51258.0,56.0,Pre-menopausal,276.0,165.0
51360.0,63.0,Post-menopausal,133.0,84.0
51451.0,63.0,Post-menopausal,194.0,120.0
51497.0,54.0,Post-menopausal,272.0,167.0
51498.0,56.0,Post-menopausal,202.0,78.0
51572.0,77.0,Post-menopausal,200.0,115.0
51685.0,56.0,Post-menopausal,224.0,116.0
51760.0,27.0,Pre-menopausal,158.0,49.0
51834.0,66.0,Post-menopausal,250.0,138.0
51929.0,80.0,Post-menopausal,180.0,99.0
51945.0,46.0,Pre-menopausal,278.0,178.0
52057.0,56.0,Post-menopausal,161.0,83.0
52161.0,80.0,Post-menopausal,167.0,73.0
52184.0,49.0,Pre-menopausal,251.0,169.0
52415.0,34.0,Pre-menopausal,138.0,60.0
52549.0,64.0,Post-menopausal,206.0,144.0
52715.0,70.0,Post-menopausal,159.0,70.0
52841.0,80.0,Post-menopausal,201.0,123.0
52870.0,26.0,Pre-menopausal,180.0,123.0
53008.0,80.0,Pre-menopausal,116.0,50.0
53093.0,63.0,Post-menopausal,161.0,83.0
53096.0,56.0,Post-menopausal,290.0,187.0
53104.0,47.0,Pre-menopausal,156.0,92.0
53253.0,70.0,Post-menopausal,168.0,76.0
53276.0,60.0,Post-menopausal,219.0,132.0
53316.0,52.0,Post-menopausal,173.0,94.0
53730.0,54.0,Post-menopausal,202.0,125.0
53775.0,79.0,Pre-menopausal,168.0,101.0
53834.0,70.0,Post-menopausal,143.0,65.0
53920.0,72.0,Pre-menopausal,155.0,79.0
54232.0,80.0,Post-menopausal,148.0,68.0
54369.0,67.0,Post-menopausal,193.0,112.0
54510.0,25.0,Pre-menopausal,238.0,139.0
54565.0,36.0,Post-menopausal,187.0,96.0
54730.0,78.0,Post-menopausal,192.0,101.0
54908.0,62.0,Post-menopausal,208.0,127.0
54958.0,70.0,Post-menopausal,147.0,79.0
54993.0,70.0,Post-menopausal,273.0,161.0
55000.0,52.0,Post-menopausal,213.0,123.0
55067.0,61.0,Post-menopausal,166.0,78.0
55223.0,49.0,Post-menopausal,236.0,151.0
55306.0,54.0,Post-menopausal,196.0,118.0
55392.0,75.0,Post-menopausal,242.0,152.0
55395.0,73.0,Post-menopausal,167.0,74.0
55501.0,51.0,Post-menopausal,231.0,145.0
55572.0,80.0,Post-menopausal,176.0,85.0
55649.0,80.0,Post-menopausal,140.0,59.0
55745.0,66.0,Post-menopausal,307.0,207.0
55763.0,77.0,Post-menopausal,248.0,155.0
55780.0,61.0,Post-menopausal,197.0,89.0
55822.0,54.0,Post-menopausal,171.0,94.0
55844.0,52.0,Post-menopausal,228.0,89.0
55909.0,54.0,Pre-menopausal,171.0,84.0
55993.0,73.0,Post-menopausal,226.0,130.0
55998.0,80.0,Post-menopausal,167.0,84.0
56031.0,45.0,Pre-menopausal,207.0,134.0
56098.0,33.0,Pre-menopausal,238.0,179.0
56164.0,62.0,Post-menopausal,250.0,168.0
56236.0,80.0,Post-menopausal,258.0,147.0
56254.0,59.0,Post-menopausal,170.0,103.0
56318.0,80.0,Post-menopausal,194.0,113.0
56393.0,80.0,Post-menopausal,223.0,135.0
56474.0,72.0,Post-menopausal,143.0,77.0
56545.0,68.0,Pre-menopausal,158.0,56.0
56554.0,53.0,Post-menopausal,165.0,82.0
56627.0,80.0,Post-menopausal,179.0,78.0
56685.0,80.0,Pre-menopausal,156.0,62.0
56766.0,75.0,Post-menopausal,212.0,118.0
56891.0,80.0,Post-menopausal,146.0,69.0
56955.0,80.0,Post-menopausal,210.0,138.0
56964.0,74.0,Post-menopausal,193.0,90.0
56988.0,63.0,Post-menopausal,169.0,95.0
57036.0,48.0,Post-menopausal,209.0,121.0
57106.0,80.0,Post-menopausal,275.0,166.0
57247.0,50.0,Post-menopausal,136.0,81.0
57355.0,49.0,Post-menopausal,162.0,90.0
57518.0,50.0,Pre-menopausal,166.0,101.0
57697.0,80.0,Post-menopausal,287.0,165.0
57772.0,65.0,Post-menopausal,193.0,111.0
57786.0,42.0,Post-menopausal,169.0,81.0
57797.0,64.0,Post-menopausal,200.0,122.0
57855.0,77.0,Post-menopausal,126.0,60.0
57992.0,74.0,Post-menopausal,165.0,107.0
58047.0,76.0,Post-menopausal,187.0,94.0
58265.0,68.0,Post-menopausal,312.0,217.0
58301.0,79.0,Post-menopausal,154.0,70.0
58639.0,60.0,Post-menopausal,197.0,102.0
58668.0,65.0,Pre-menopausal,188.0,47.0
58718.0,58.0,Pre-menopausal,199.0,133.0
58734.0,67.0,Post-menopausal,237.0,119.0
58824.0,59.0,Post-menopausal,218.0,134.0
58927.0,74.0,Post-menopausal,179.0,102.0
58998.0,80.0,Post-menopausal,200.0,96.0
59087.0,55.0,Post-menopausal,166.0,66.0
59111.0,80.0,Post-menopausal,166.0,87.0
59116.0,60.0,Post-menopausal,172.0,95.0
59268.0,80.0,Post-menopausal,179.0,89.0
59332.0,80.0,Post-menopausal,149.0,64.0
59555.0,75.0,Post-menopausal,219.0,121.0
59591.0,76.0,Post-menopausal,221.0,154.0
59643.0,54.0,Post-menopausal,136.0,59.0
59731.0,60.0,Pre-menopausal,151.0,84.0
59925.0,80.0,Post-menopausal,211.0,139.0
59959.0,43.0,Post-menopausal,147.0,83.0
60037.0,70.0,Post-menopausal,221.0,125.0
60088.0,61.0,Post-menopausal,179.0,99.0
60094.0,78.0,Post-menopausal,181.0,117.0
60179.0,68.0,Post-menopausal,205.0,126.0
60274.0,62.0,Post-menopausal,153.0,89.0
60283.0,80.0,Post-menopausal,258.0,174.0
60384.0,75.0,Pre-menopausal,178.0,93.0
60500.0,37.0,Pre-menopausal,250.0,161.0
60537.0,57.0,Post-menopausal,180.0,97.0
60607.0,70.0,Post-menopausal,128.0,61.0
60629.0,62.0,Post-menopausal,155.0,71.0
60748.0,61.0,Post-menopausal,178.0,107.0
60875.0,80.0,Post-menopausal,184.0,110.0
61000.0,34.0,Pre-menopausal,180.0,127.0
61033.0,47.0,Post-menopausal,142.0,80.0
61231.0,48.0,Post-menopausal,212.0,143.0
61305.0,58.0,Post-menopausal,211.0,121.0
61327.0,56.0,Post-menopausal,162.0,97.0
61377.0,73.0,Pre-menopausal,166.0,65.0
61542.0,62.0,Post-menopausal,204.0,104.0
61548.0,80.0,Pre-menopausal,205.0,89.0
61647.0,72.0,Post-menopausal,272.0,163.0
61652.0,80.0,Post-menopausal,167.0,101.0
61683.0,74.0,Post-menopausal,204.0,114.0
61873.0,57.0,Post-menopausal,125.0,52.0
61880.0,60.0,Post-menopausal,196.0,104.0
61908.0,68.0,Pre-menopausal,211.0,116.0
61964.0,80.0,Post-menopausal,202.0,94.0
62058.0,76.0,Pre-menopausal,163.0,61.0
62076.0,60.0,Post-menopausal,208.0,129.0
62117.0,72.0,Post-menopausal,162.0,79.0
62217.0,77.0,Post-menopausal,173.0,106.0
62278.0,72.0,Post-menopausal,134.0,62.0
62377.0,78.0,Post-menopausal,199.0,127.0
62388.0,69.0,Post-menopausal,93.0,33.0
62409.0,80.0,Post-menopausal,179.0,86.0
62474.0,71.0,Post-menopausal,238.0,152.0
62585.0,80.0,Post-menopausal,305.0,220.0
62682.0,62.0,Post-menopausal,189.0,104.0
62736.0,40.0,Pre-menopausal,190.0,108.0
62883.0,80.0,Post-menopausal,181.0,98.0
63036.0,74.0,Post-menopausal,149.0,90.0
63082.0,59.0,Post-menopausal,166.0,97.0
63188.0,60.0,Post-menopausal,186.0,112.0
63221.0,67.0,Post-menopausal,138.0,75.0
63267.0,72.0,Post-menopausal,93.0,50.0
63287.0,78.0,Post-menopausal,218.0,140.0
63360.0,80.0,Post-menopausal,167.0,102.0
63377.0,39.0,Pre-menopausal,182.0,98.0
63442.0,51.0,Post-menopausal,146.0,69.0
63543.0,74.0,Pre-menopausal,166.0,90.0
63632.0,80.0,Post-menopausal,149.0,75.0
63739.0,71.0,Post-menopausal,129.0,65.0
63853.0,36.0,Pre-menopausal,222.0,139.0
63890.0,60.0,Post-menopausal,143.0,85.0
63957.0,59.0,Post-menopausal,208.0,127.0
64011.0,80.0,Post-menopausal,178.0,95.0
64059.0,68.0,Post-menopausal,239.0,155.0
64113.0,80.0,Post-menopausal,174.0,82.0
64308.0,31.0,Pre-menopausal,151.0,73.0
64364.0,80.0,Post-menopausal,224.0,126.0
64399.0,45.0,Pre-menopausal,231.0,136.0
64419.0,63.0,Post-menopausal,205.0,121.0
64559.0,70.0,Post-menopausal,140.0,66.0
64931.0,59.0,Post-menopausal,135.0,40.0
65009.0,51.0,Pre-menopausal,172.0,81.0
65050.0,80.0,Post-menopausal,154.0,79.0
65051.0,80.0,Post-menopausal,185.0,110.0
65058.0,80.0,Post-menopausal,196.0,104.0
65145.0,57.0,Post-menopausal,166.0,86.0
65334.0,60.0,Post-menopausal,169.0,82.0
65374.0,80.0,Post-menopausal,194.0,89.0
65384.0,72.0,Post-menopausal,170.0,70.0
65427.0,64.0,Pre-menopausal,197.0,121.0
65448.0,64.0,Post-menopausal,217.0,124.0
65547.0,63.0,Post-menopausal,180.0,98.0
65754.0,50.0,Post-menopausal,231.0,156.0
65757.0,45.0,Pre-menopausal,190.0,121.0
65758.0,67.0,Post-menopausal,142.0,67.0
65800.0,61.0,Post-menopausal,186.0,98.0
65892.0,80.0,Post-menopausal,190.0,111.0
65911.0,76.0,Post-menopausal,172.0,92.0
66066.0,80.0,Post-menopausal,145.0,74.0
66131.0,36.0,Pre-menopausal,163.0,87.0
66214.0,70.0,Post-menopausal,266.0,172.0
66444.0,43.0,Pre-menopausal,165.0,82.0
66687.0,53.0,Pre-menopausal,241.0,153.0
66759.0,57.0,Post-menopausal,235.0,135.0
66798.0,56.0,Post-menopausal,190.0,109.0
66817.0,72.0,Post-menopausal,252.0,173.0
66875.0,69.0,Post-menopausal,167.0,104.0
66929.0,63.0,Post-menopausal,173.0,113.0
66982.0,73.0,Post-menopausal,142.0,76.0
66985.0,77.0,Post-menopausal,185.0,98.0
67190.0,36.0,Post-menopausal,149.0,86.0
67197.0,73.0,Post-menopausal,228.0,127.0
67258.0,73.0,Post-menopausal,171.0,98.0
67315.0,51.0,Post-menopausal,220.0,149.0
67373.0,64.0,Post-menopausal,219.0,147.0
67487.0,75.0,Post-menopausal,311.0,142.0
67785.0,38.0,Pre-menopausal,130.0,73.0
67808.0,80.0,Post-menopausal,168.0,98.0
67872.0,78.0,Post-menopausal,211.0,143.0
68012.0,70.0,Post-menopausal,235.0,134.0
68064.0,80.0,Post-menopausal,178.0,105.0
68066.0,63.0,Post-menopausal,167.0,115.0
68115.0,80.0,Post-menopausal,202.0,123.0
68203.0,78.0,Post-menopausal,210.0,129.0
68236.0,41.0,Pre-menopausal,160.0,80.0
68256.0,46.0,Pre-menopausal,215.0,135.0
68296.0,69.0,Post-menopausal,207.0,131.0
68356.0,73.0,Post-menopausal,233.0,110.0
68447.0,68.0,Post-menopausal,216.0,129.0
68452.0,69.0,Post-menopausal,175.0,88.0
68495.0,78.0,Post-menopausal,223.0,135.0
68551.0,80.0,Post-menopausal,334.0,240.0
68553.0,61.0,Post-menopausal,192.0,113.0
68569.0,56.0,Post-menopausal,197.0,78.0
68626.0,70.0,Pre-menopausal,180.0,86.0
68661.0,64.0,Post-menopausal,209.0,113.0
68824.0,80.0,Post-menopausal,259.0,158.0
68876.0,78.0,Pre-menopausal,183.0,101.0
68952.0,80.0,Post-menopausal,268.0,152.0
69019.0,44.0,Post-menopausal,157.0,97.0
69410.0,46.0,Post-menopausal,175.0,84.0
69753.0,63.0,Post-menopausal,166.0,93.0
69770.0,24.0,Pre-menopausal,125.0,79.0
69964.0,75.0,Post-menopausal,187.0,97.0
69973.0,55.0,Post-menopausal,265.0,182.0
70151.0,80.0,Post-menopausal,275.0,186.0
70349.0,80.0,Pre-menopausal,169.0,87.0
70361.0,80.0,Post-menopausal,130.0,64.0
70543.0,78.0,Post-menopausal,156.0,73.0
70676.0,75.0,Post-menopausal,185.0,115.0
70975.0,22.0,Pre-menopausal,204.0,133.0
71111.0,75.0,Post-menopausal,138.0,69.0
71144.0,30.0,Pre-menopausal,151.0,68.0
71244.0,64.0,Post-menopausal,181.0,97.0
71302.0,56.0,Post-menopausal,134.0,62.0
71328.0,54.0,Post-menopausal,241.0,152.0
71382.0,80.0,Pre-menopausal,259.0,166.0
71438.0,70.0,Post-menopausal,229.0,124.0
71470.0,80.0,Post-menopausal,173.0,93.0
71497.0,71.0,Post-menopausal,194.0,124.0
71522.0,63.0,Post-menopausal,279.0,196.0
71542.0,67.0,Post-menopausal,118.0,53.0
71644.0,80.0,Post-menopausal,242.0,150.0
71691.0,76.0,Post-menopausal,191.0,94.0
71781.0,52.0,Post-menopausal,129.0,71.0
73638.0,63.0,Post-menopausal,140.0,71.0
73647.0,61.0,Post-menopausal,127.0,67.0
73677.0,61.0,Post-menopausal,174.0,83.0
73702.0,48.0,Pre-menopausal,179.0,109.0
73815.0,72.0,Post-menopausal,203.0,119.0
73862.0,61.0,Post-menopausal,163.0,84.0
73930.0,70.0,Post-menopausal,199.0,82.0
74085.0,80.0,Post-menopausal,195.0,105.0
74134.0,51.0,Pre-menopausal,220.0,129.0
74310.0,60.0,Post-menopausal,172.0,81.0
74402.0,49.0,Post-menopausal,248.0,154.0
74583.0,60.0,Post-menopausal,135.0,68.0
74596.0,45.0,Pre-menopausal,171.0,99.0
74668.0,80.0,Post-menopausal,164.0,102.0
74669.0,80.0,Post-menopausal,208.0,139.0
74843.0,38.0,Pre-menopausal,207.0,109.0
74862.0,48.0,Pre-menopausal,261.0,179.0
75042.0,54.0,Post-menopausal,211.0,83.0
75070.0,74.0,Post-menopausal,201.0,115.0
75244.0,63.0,Post-menopausal,159.0,68.0
75279.0,68.0,Post-menopausal,192.0,116.0
75350.0,80.0,Post-menopausal,173.0,73.0
75359.0,51.0,Post-menopausal,164.0,78.0
75397.0,62.0,Post-menopausal,209.0,112.0
75543.0,66.0,Post-menopausal,214.0,134.0
75573.0,67.0,Post-menopausal,230.0,126.0
75609.0,80.0,Post-menopausal,210.0,67.0
75631.0,72.0,Post-menopausal,280.0,173.0
76097.0,66.0,Post-menopausal,158.0,83.0
76145.0,60.0,Post-menopausal,158.0,74.0
76317.0,40.0,Pre-menopausal,146.0,66.0
76322.0,43.0,Pre-menopausal,145.0,83.0
76391.0,80.0,Post-menopausal,174.0,59.0
76447.0,80.0,Post-menopausal,220.0,121.0
76490.0,68.0,Post-menopausal,188.0,95.0
76734.0,80.0,Post-menopausal,188.0,92.0
76735.0,58.0,Post-menopausal,165.0,76.0
76851.0,73.0,Post-menopausal,162.0,92.0
76864.0,80.0,Post-menopausal,166.0,90.0
77067.0,67.0,Post-menopausal,143.0,59.0
77139.0,71.0,Post-menopausal,196.0,133.0
77255.0,60.0,Post-menopausal,169.0,104.0
77355.0,71.0,Post-menopausal,149.0,66.0
77399.0,80.0,Post-menopausal,169.0,79.0
77411.0,44.0,Pre-menopausal,126.0,51.0
77481.0,54.0,Post-menopausal,216.0,149.0
77536.0,80.0,Post-menopausal,263.0,174.0
77584.0,35.0,Pre-menopausal,175.0,123.0
77600.0,58.0,Post-menopausal,187.0,99.0
77625.0,80.0,Post-menopausal,150.0,72.0
77654.0,70.0,Post-menopausal,286.0,185.0
77677.0,80.0,Post-menopausal,117.0,37.0
77830.0,43.0,Pre-menopausal,138.0,78.0
77909.0,78.0,Post-menopausal,211.0,114.0
78218.0,80.0,Pre-menopausal,138.0,79.0
78227.0,76.0,Post-menopausal,235.0,121.0
78337.0,73.0,Post-menopausal,251.0,167.0
78377.0,62.0,Post-menopausal,149.0,66.0
78428.0,68.0,Post-menopausal,241.0,150.0
78443.0,62.0,Post-menopausal,161.0,99.0
78487.0,80.0,Post-menopausal,177.0,68.0
78503.0,72.0,Post-menopausal,166.0,68.0
78557.0,70.0,Post-menopausal,141.0,60.0
78591.0,70.0,Pre-menopausal,198.0,121.0
78737.0,71.0,Post-menopausal,177.0,113.0
78747.0,70.0,Post-menopausal,145.0,74.0
78844.0,67.0,Post-menopausal,206.0,123.0
78947.0,80.0,Post-menopausal,112.0,52.0
78978.0,71.0,Post-menopausal,173.0,94.0
79002.0,43.0,Pre-menopausal,201.0,120.0
79089.0,55.0,Post-menopausal,237.0,118.0
79199.0,80.0,Post-menopausal,160.0,81.0
79200.0,80.0,Post-menopausal,229.0,132.0
79270.0,66.0,Post-menopausal,133.0,57.0
79328.0,80.0,Pre-menopausal,115.0,54.0
79541.0,78.0,Post-menopausal,109.0,45.0
79658.0,52.0,Post-menopausal,208.0,138.0
79800.0,55.0,Post-menopausal,161.0,68.0
79840.0,80.0,Post-menopausal,194.0,90.0
79881.0,62.0,Post-menopausal,182.0,105.0
79929.0,60.0,Post-menopausal,169.0,102.0
80179.0,75.0,Post-menopausal,270.0,186.0
80181.0,69.0,Post-menopausal,248.0,157.0
80222.0,57.0,Post-menopausal,206.0,122.0
80590.0,43.0,Pre-menopausal,136.0,79.0
80601.0,71.0,Post-menopausal,177.0,117.0
80786.0,80.0,Post-menopausal,153.0,59.0
80843.0,77.0,Pre-menopausal,113.0,78.0
81056.0,49.0,Post-menopausal,213.0,137.0
81093.0,36.0,Pre-menopausal,171.0,101.0
81100.0,80.0,Post-menopausal,113.0,57.0
81359.0,57.0,Post-menopausal,174.0,107.0
81530.0,73.0,Post-menopausal,157.0,80.0
81600.0,70.0,Post-menopausal,128.0,53.0
81847.0,38.0,Pre-menopausal,164.0,68.0
81933.0,80.0,Post-menopausal,200.0,131.0
82061.0,80.0,Post-menopausal,187.0,121.0
82102.0,56.0,Pre-menopausal,171.0,87.0
82131.0,73.0,Post-menopausal,211.0,138.0
82169.0,58.0,Post-menopausal,252.0,136.0
82191.0,76.0,Post-menopausal,146.0,55.0
82201.0,80.0,Post-menopausal,148.0,67.0
82356.0,63.0,Post-menopausal,179.0,120.0
82372.0,44.0,Post-menopausal,250.0,177.0
82702.0,64.0,Post-menopausal,189.0,115.0
82737.0,66.0,Post-menopausal,175.0,98.0
82766.0,48.0,Pre-menopausal,159.0,88.0
82967.0,80.0,Post-menopausal,188.0,101.0
83010.0,80.0,Post-menopausal,165.0,80.0
83016.0,80.0,Post-menopausal,199.0,116.0
83033.0,60.0,Post-menopausal,141.0,75.0
83203.0,61.0,Post-menopausal,211.0,125.0
83255.0,80.0,Post-menopausal,185.0,88.0
83297.0,75.0,Post-menopausal,199.0,120.0
83321.0,80.0,Post-menopausal,161.0,63.0
83437.0,49.0,Pre-menopausal,169.0,91.0
83464.0,75.0,Post-menopausal,145.0,93.0
83516.0,66.0,Post-menopausal,206.0,93.0
83576.0,65.0,Post-menopausal,139.0,60.0
83757.0,57.0,Post-menopausal,227.0,157.0
83801.0,80.0,Post-menopausal,126.0,63.0
83932.0,80.0,Post-menopausal,182.0,92.0
83996.0,60.0,Post-menopausal,190.0,125.0
84374.0,74.0,Post-menopausal,142.0,71.0
84435.0,80.0,Post-menopausal,138.0,67.0
84534.0,62.0,Post-menopausal,165.0,102.0
84662.0,63.0,Post-menopausal,169.0,99.0
84716.0,44.0,Pre-menopausal,211.0,141.0
84774.0,48.0,Post-menopausal,181.0,116.0
84859.0,42.0,Pre-menopausal,134.0,83.0
84923.0,66.0,Post-menopausal,151.0,82.0
84946.0,38.0,Pre-menopausal,154.0,93.0
85161.0,66.0,Post-menopausal,120.0,69.0
85216.0,65.0,Post-menopausal,283.0,199.0
85299.0,65.0,Post-menopausal,184.0,84.0
85354.0,45.0,Pre-menopausal,213.0,115.0
85363.0,66.0,Post-menopausal,105.0,46.0
85445.0,75.0,Post-menopausal,215.0,121.0
85453.0,42.0,Pre-menopausal,182.0,113.0
85614.0,55.0,Post-menopausal,201.0,113.0
85700.0,77.0,Post-menopausal,175.0,90.0
85777.0,68.0,Post-menopausal,148.0,75.0
85931.0,80.0,Post-menopausal,99.0,39.0
85948.0,38.0,Pre-menopausal,200.0,120.0
86047.0,80.0,Post-menopausal,237.0,117.0
86060.0,68.0,Post-menopausal,152.0,54.0
86149.0,54.0,Post-menopausal,238.0,156.0
86239.0,57.0,Post-menopausal,139.0,62.0
86358.0,62.0,Post-menopausal,213.0,134.0
86400.0,62.0,Post-menopausal,187.0,99.0
86482.0,46.0,Pre-menopausal,263.0,177.0
86530.0,58.0,Post-menopausal,171.0,75.0
86537.0,80.0,Post-menopausal,164.0,77.0
86696.0,67.0,Post-menopausal,207.0,134.0
86753.0,80.0,Post-menopausal,190.0,111.0
86966.0,80.0,Post-menopausal,158.0,65.0
87014.0,79.0,Post-menopausal,161.0,90.0
87078.0,63.0,Post-menopausal,196.0,117.0
87545.0,75.0,Post-menopausal,145.0,74.0
87577.0,57.0,Post-menopausal,180.0,66.0
87696.0,66.0,Post-menopausal,167.0,84.0
87706.0,80.0,Post-menopausal,165.0,82.0
87727.0,80.0,Post-menopausal,185.0,113.0
87761.0,80.0,Post-menopausal,138.0,70.0
87839.0,62.0,Post-menopausal,245.0,152.0
87895.0,37.0,Post-menopausal,154.0,83.0
88231.0,62.0,Post-menopausal,219.0,147.0
88421.0,80.0,Pre-menopausal,125.0,39.0
88514.0,62.0,Post-menopausal,190.0,103.0
88527.0,80.0,Post-menopausal,135.0,69.0
88615.0,79.0,Post-menopausal,163.0,110.0
88676.0,80.0,Post-menopausal,135.0,59.0
88738.0,58.0,Post-menopausal,162.0,90.0
88747.0,74.0,Post-menopausal,135.0,55.0
88759.0,80.0,Post-menopausal,235.0,115.0
88851.0,54.0,Post-menopausal,268.0,184.0
89275.0,67.0,Post-menopausal,117.0,54.0
89338.0,68.0,Post-menopausal,198.0,117.0
89458.0,70.0,Post-menopausal,263.0,159.0
89471.0,75.0,Post-menopausal,188.0,126.0
89597.0,65.0,Post-menopausal,158.0,81.0
89755.0,60.0,Post-menopausal,244.0,151.0
89849.0,67.0,Post-menopausal,154.0,82.0
89894.0,65.0,Post-menopausal,263.0,191.0
89907.0,77.0,Post-menopausal,190.0,104.0
90035.0,80.0,Post-menopausal,267.0,171.0
90086.0,76.0,Post-menopausal,283.0,183.0
90106.0,52.0,Post-menopausal,171.0,102.0
90140.0,80.0,Post-menopausal,146.0,73.0
90191.0,67.0,Pre-menopausal,168.0,87.0
90301.0,65.0,Post-menopausal,161.0,77.0
90326.0,60.0,Post-menopausal,146.0,85.0
90329.0,68.0,Post-menopausal,316.0,225.0
90416.0,51.0,Pre-menopausal,214.0,132.0
90417.0,76.0,Post-menopausal,132.0,52.0
90518.0,80.0,Post-menopausal,253.0,170.0
90563.0,80.0,Post-menopausal,163.0,72.0
90571.0,58.0,Post-menopausal,252.0,160.0
90663.0,68.0,Post-menopausal,248.0,153.0
90814.0,80.0,Post-menopausal,210.0,136.0
90859.0,50.0,Post-menopausal,114.0,58.0
90890.0,54.0,Post-menopausal,234.0,164.0
90929.0,65.0,Post-menopausal,118.0,43.0
90931.0,35.0,Post-menopausal,195.0,108.0
90971.0,58.0,Post-menopausal,221.0,111.0
90986.0,74.0,Post-menopausal,158.0,78.0
91017.0,48.0,Pre-menopausal,131.0,89.0
91028.0,72.0,Post-menopausal,271.0,170.0
91171.0,80.0,Post-menopausal,156.0,58.0
91377.0,80.0,Post-menopausal,210.0,94.0
91596.0,42.0,Pre-menopausal,194.0,97.0
91696.0,80.0,Post-menopausal,214.0,138.0
91806.0,66.0,Post-menopausal,260.0,169.0
91853.0,63.0,Post-menopausal,196.0,122.0
91903.0,50.0,Post-menopausal,241.0,170.0
91954.0,80.0,Post-menopausal,163.0,99.0
92235.0,80.0,Post-menopausal,128.0,37.0
92276.0,68.0,Pre-menopausal,253.0,153.0
92363.0,27.0,Pre-menopausal,167.0,101.0
92409.0,59.0,Post-menopausal,148.0,64.0
92598.0,64.0,Post-menopausal,241.0,150.0
92748.0,41.0,Post-menopausal,213.0,129.0
92872.0,55.0,Post-menopausal,190.0,118.0
92920.0,80.0,Post-menopausal,193.0,106.0
92988.0,51.0,Post-menopausal,230.0,157.0
93010.0,63.0,Post-menopausal,221.0,122.0
93175.0,72.0,Pre-menopausal,308.0,216.0
93196.0,56.0,Post-menopausal,180.0,94.0
93238.0,69.0,Post-menopausal,127.0,56.0
93252.0,48.0,Pre-menopausal,208.0,130.0
93258.0,80.0,Post-menopausal,132.0,82.0
93283.0,76.0,Post-menopausal,243.0,170.0
93371.0,73.0,Post-menopausal,171.0,104.0
93476.0,77.0,Post-menopausal,175.0,114.0
93573.0,55.0,Pre-menopausal,197.0,110.0
93611.0,70.0,Post-menopausal,169.0,93.0
93643.0,64.0,Post-menopausal,245.0,166.0
93695.0,76.0,Post-menopausal,140.0,56.0
93697.0,80.0,Post-menopausal,256.0,127.0
93758.0,55.0,Post-menopausal,446.0,354.0
93772.0,55.0,Post-menopausal,98.0,38.0
93780.0,46.0,Pre-menopausal,187.0,92.0
93894.0,66.0,Post-menopausal,175.0,96.0
93952.0,34.0,Pre-menopausal,164.0,90.0
94034.0,54.0,Post-menopausal,179.0,104.0
94050.0,55.0,Post-menopausal,270.0,192.0
94095.0,78.0,Post-menopausal,133.0,61.0
94208.0,45.0,Pre-menopausal,140.0,83.0
94216.0,67.0,Post-menopausal,144.0,76.0
94283.0,60.0,Post-menopausal,179.0,112.0
94379.0,24.0,Pre-menopausal,184.0,121.0
94444.0,78.0,Post-menopausal,169.0,94.0
94500.0,60.0,Post-menopausal,127.0,69.0
94557.0,35.0,Pre-menopausal,131.0,76.0
94564.0,80.0,Post-menopausal,147.0,52.0
94615.0,47.0,Post-menopausal,174.0,109.0
94711.0,64.0,Post-menopausal,217.0,138.0
94735.0,45.0,Pre-menopausal,188.0,109.0
94755.0,74.0,Post-menopausal,126.0,64.0
94760.0,74.0,Post-menopausal,221.0,124.0
94847.0,80.0,Pre-menopausal,193.0,85.0
95068.0,80.0,Post-menopausal,122.0,56.0
95126.0,59.0,Pre-menopausal,278.0,174.0
95330.0,77.0,Post-menopausal,165.0,89.0
95431.0,66.0,Post-menopausal,124.0,58.0
95467.0,80.0,Post-menopausal,211.0,82.0
95509.0,51.0,Pre-menopausal,192.0,112.0
95566.0,78.0,Post-menopausal,203.0,135.0
95641.0,50.0,Post-menopausal,166.0,97.0
95644.0,62.0,Post-menopausal,125.0,65.0
95720.0,59.0,Post-menopausal,250.0,162.0
95723.0,80.0,Post-menopausal,182.0,72.0
95831.0,63.0,Post-menopausal,179.0,108.0
95866.0,80.0,Post-menopausal,180.0,88.0
95945.0,70.0,Post-menopausal,253.0,129.0
95976.0,65.0,Post-menopausal,216.0,136.0
95992.0,79.0,Post-menopausal,165.0,97.0
96019.0,80.0,Pre-menopausal,163.0,72.0
96115.0,71.0,Pre-menopausal,160.0,73.0
96169.0,63.0,Post-menopausal,177.0,97.0
96252.0,79.0,Post-menopausal,145.0,62.0
96342.0,80.0,Post-menopausal,226.0,143.0
96366.0,61.0,Post-menopausal,151.0,80.0
96370.0,77.0,Post-menopausal,163.0,76.0
96389.0,77.0,Post-menopausal,135.0,59.0
96450.0,53.0,Post-menopausal,198.0,125.0
96489.0,57.0,Post-menopausal,234.0,142.0
96651.0,49.0,Post-menopausal,190.0,120.0
96683.0,41.0,Pre-menopausal,164.0,81.0
96704.0,80.0,Post-menopausal,147.0,81.0
96876.0,60.0,Post-menopausal,224.0,155.0
96896.0,80.0,Post-menopausal,242.0,160.0
96934.0,55.0,Post-menopausal,196.0,99.0
96944.0,70.0,Post-menopausal,162.0,109.0
97056.0,72.0,Pre-menopausal,231.0,127.0
97188.0,80.0,Post-menopausal,94.0,26.0
97225.0,80.0,Post-menopausal,149.0,64.0
97237.0,80.0,Pre-menopausal,225.0,120.0
97334.0,72.0,Post-menopausal,133.0,51.0
97482.0,70.0,Post-menopausal,221.0,127.0
97535.0,63.0,Post-menopausal,181.0,88.0
97605.0,67.0,Post-menopausal,224.0,133.0
97667.0,62.0,Post-menopausal,244.0,169.0
97711.0,80.0,Post-menopausal,138.0,52.0
97758.0,54.0,Post-menopausal,218.0,138.0
97782.0,39.0,Pre-menopausal,179.0,98.0
97996.0,75.0,Post-menopausal,184.0,86.0
98024.0,61.0,Pre-menopausal,120.0,69.0
98046.0,49.0,Pre-menopausal,176.0,111.0
98143.0,80.0,Post-menopausal,201.0,94.0
98162.0,70.0,Post-menopausal,202.0,119.0
98227.0,61.0,Post-menopausal,161.0,90.0
98238.0,44.0,Pre-menopausal,172.0,90.0
98322.0,29.0,Pre-menopausal,115.0,67.0
98390.0,65.0,Post-menopausal,139.0,71.0
98463.0,66.0,Post-menopausal,224.0,143.0
98500.0,56.0,Post-menopausal,217.0,146.0
98501.0,68.0,Post-menopausal,213.0,124.0
98605.0,55.0,Post-menopausal,209.0,140.0
98622.0,59.0,Post-menopausal,274.0,188.0
98707.0,63.0,Post-menopausal,147.0,70.0
98742.0,80.0,Pre-menopausal,129.0,60.0
98815.0,75.0,Post-menopausal,168.0,63.0
98819.0,58.0,Post-menopausal,216.0,145.0
98951.0,52.0,Post-menopausal,188.0,86.0
98961.0,77.0,Post-menopausal,241.0,137.0
98965.0,67.0,Post-menopausal,168.0,102.0
99191.0,80.0,Post-menopausal,200.0,95.0
99512.0,65.0,Post-menopausal,145.0,77.0
99531.0,55.0,Post-menopausal,227.0,133.0
99658.0,66.0,Post-menopausal,147.0,74.0
99851.0,71.0,Pre-menopausal,195.0,111.0
99854.0,69.0,Post-menopausal,119.0,59.0
99868.0,70.0,Post-menopausal,131.0,25.0
100025.0,35.0,Pre-menopausal,150.0,100.0
100143.0,80.0,Pre-menopausal,223.0,132.0
100274.0,60.0,Pre-menopausal,161.0,85.0
100291.0,61.0,Post-menopausal,147.0,87.0
100358.0,62.0,Post-menopausal,176.0,112.0
100474.0,67.0,Post-menopausal,144.0,71.0
100508.0,80.0,Post-menopausal,233.0,143.0
100509.0,79.0,Post-menopausal,178.0,116.0
100556.0,65.0,Post-menopausal,117.0,47.0
100627.0,43.0,Pre-menopausal,177.0,110.0
100705.0,56.0,Post-menopausal,219.0,151.0
100715.0,51.0,Post-menopausal,202.0,135.0
101015.0,80.0,Pre-menopausal,243.0,132.0
101087.0,51.0,Post-menopausal,190.0,109.0
101155.0,52.0,Post-menopausal,164.0,103.0
101260.0,80.0,Pre-menopausal,186.0,118.0
101274.0,65.0,Pre-menopausal,118.0,43.0
101323.0,74.0,Post-menopausal,141.0,65.0
101411.0,59.0,Post-menopausal,223.0,154.0
101414.0,56.0,Pre-menopausal,142.0,40.0
101635.0,63.0,Post-menopausal,291.0,210.0
101707.0,79.0,Post-menopausal,159.0,95.0
101763.0,54.0,Pre-menopausal,186.0,100.0
101785.0,77.0,Post-menopausal,144.0,67.0
101845.0,38.0,Pre-menopausal,224.0,161.0
101865.0,53.0,Post-menopausal,181.0,78.0
101936.0,80.0,Post-menopausal,129.0,57.0
102032.0,67.0,Post-menopausal,118.0,53.0
102047.0,62.0,Post-menopausal,241.0,133.0
102054.0,68.0,Post-menopausal,121.0,64.0
102162.0,80.0,Post-menopausal,146.0,83.0
102367.0,66.0,Pre-menopausal,176.0,90.0
102370.0,80.0,Post-menopausal,148.0,55.0
102420.0,70.0,Post-menopausal,175.0,97.0
102597.0,70.0,Post-menopausal,150.0,56.0
102605.0,57.0,Post-menopausal,313.0,174.0
102609.0,80.0,Post-menopausal,161.0,68.0
102621.0,32.0,Pre-menopausal,170.0,92.0
102651.0,71.0,Post-menopausal,199.0,88.0
102729.0,61.0,Post-menopausal,153.0,60.0
102923.0,43.0,Pre-menopausal,162.0,90.0
